Date_;Well;Daily_Liquid_Production_bbl;WC;Daily_Gas_Production_Mscf;Daily_Oil_Rate_bbl;Daily_Water_Rate_bbl;Work_days;Monthly_Oil_Production_bbl
1.12.1981;X-955;10;3;90;9.7;0.3;20;190
1.12.1981;X-7454;38;2;50;37.1;0.9;31;1149
1.12.1981;X-8919;20;46;10;10.8;9.2;16;176
1.12.1981;X-7070;12;11;20;10.6;1.4;31;330
1.12.1981;X-1993;82;87;100;10.7;71.3;31;330
1.12.1981;X-790;20;3;60;19.5;0.5;31;597
1.12.1981;X-263;40;90;50;4;36;31;124
1.12.1981;X-3527;45;2;100;43.9;1.1;28;1229
1.12.1981;X-3824;23;66;10;7.8;15.2;20;156
1.12.1981;X-8003;27;11;120;24;3;31;745
1.12.1981;X-10130;15;70;30;4.5;10.5;31;140
1.12.1981;X-4065;28;20;390;22.4;5.6;31;694
1.12.1981;X-7894;13;14;170;11.2;1.8;31;348
1.12.1981;X-6112;23;15;130;19.6;3.5;26;508
1.12.1981;X-2519;18;10;0;16.2;1.8;31;502
1.12.1981;X-8556;37;93;30;2.6;34.4;21;56
1.12.1981;X-4456;34;3;360;32.9;1.1;29;953
1.12.1981;X-9005;26;13;10;22.6;3.4;31;701
1.12.1981;X-8665;20;1;60;19.7;0.3;31;612
1.12.1981;X-3394;27;7;140;25.1;1.9;31;776
1.12.1981;X-29;27;3;200;26.2;0.8;31;801
1.12.1981;X-3835;30;3;30;29;1;31;899
1.12.1981;X-3572;9;4;70;8.6;0.4;31;266
1.12.1981;X-1111;25;4;100;23.9;1.1;31;741
1.12.1981;X-9958;44;26;110;32.5;11.5;23;747
1.12.1981;X-5995;28;6;70;26.2;1.8;31;813
1.12.1981;X-6772;16;18;180;13.2;2.8;28;374
1.12.1981;X-6623;30;11;80;26.7;3.3;31;827
1.12.1981;X-4733;11;18;30;9;2;31;280
1.12.1981;X-4739;29;88;70;3.4;25.6;28;96
1.12.1981;X-9312;20;11;160;17.9;2.1;31;554
1.12.1981;X-5076;48;28;30;34.6;13.4;29;1013
1.12.1981;X-4328;63;18;190;51.7;11.3;4;206
1.12.1981;X-469;30;7;60;28;2;31;866
1.12.1981;X-307;21;12;80;18.5;2.5;31;573
1.12.1981;X-9617;23;3;160;22.3;0.7;30;670
1.12.1981;X-128;22;53;150;10.3;11.7;31;320
1.12.1981;X-9749;21;9;200;19.1;1.9;31;592
1.12.1981;X-5069;27;9;140;24.5;2.5;31;759
1.12.1981;X-8280;12;20;40;9.6;2.4;31;298
1.12.1981;X-5249;49;21;100;38.9;10.1;31;1205
1.12.1981;X-1802;29;32;50;19.6;9.4;31;608
1.12.1981;X-8326;22;13;250;19.1;2.9;31;587
1.12.1981;X-7474;28;5;30;26.6;1.4;31;825
1.12.1981;X-4872;27;1;20;26.6;0.4;31;824
1.12.1981;X-5239;23;29;110;16.4;6.6;27;444
1.12.1981;X-5708;21;68;40;6.7;14.3;29;192
1.12.1981;X-6499;45;55;40;20.4;24.6;22;449
1.12.1981;X-9007;15;27;20;11;4;17;184
1.12.1981;X-3757;18;12;30;15.9;2.1;26;407
1.12.1981;X-7837;23;35;40;14.9;8.1;31;460
1.12.1981;X-97;16;19;60;12.9;3.1;31;400
1.12.1981;X-595;18;83;40;3;15;31;93
1.12.1981;X-10467;18;3;100;17.4;0.6;31;539
1.12.1981;X-1971;25;10;20;22.5;2.5;31;697
1.12.1981;X-8217;43;23;20;33.1;9.9;28;927
1.12.1981;X-5842;18;15;30;15.4;2.6;31;477
1.12.1981;X-4873;35;52;60;16.9;18.1;31;523
1.12.1981;X-3848;15;21;280;11.8;3.2;31;366
1.12.1981;X-252;45;23;50;34.7;10.4;31;1060
1.12.1981;X-7619;45;14;100;38.9;6.1;26;1010
1.12.1981;X-4480;14;3;50;13.6;0.4;31;422
1.12.1981;X-3716;16;3;320;15.5;0.5;31;481
1.12.1981;X-7046;15;38;20;9.3;5.8;31;287
1.12.1981;X-9940;28;92;30;2.2;25.8;18;41
1.12.1981;X-4715;17;48;50;8.8;8.2;30;266
1.12.1981;X-4147;41;12;320;36.1;4.9;26;927
1.12.1981;X-2212;25;9;60;22.8;2.2;31;707
1.12.1981;X-4241;31;14;60;26.6;4.4;31;823
1.12.1981;X-10537;15;99;240;0.2;14.9;18;3
1.12.1981;X-2601;26;26;80;19.2;6.8;31;596
1.12.1981;X-7534;17;69;10;5.3;11.7;1;5
1.12.1981;X-2565;60;92;80;4.6;55.4;31;143
1.12.1981;X-7263;41;3;420;39.8;1.2;31;1232
1.12.1981;X-787;22;10;280;19.8;2.2;27;534
1.12.1981;X-3896;25;3;180;24.2;0.9;31;748
1.12.1981;X-3862;8;50;20;4;4;31;124
1.12.1981;X-7221;15;64;70;5.4;9.6;21;114
1.12.1981;X-2649;32;87;40;4.1;27.9;30;124
1.12.1981;X-5545;22;96;70;0.9;21.1;24;22
1.12.1981;X-7983;78;75;40;19.7;58.3;31;610
1.12.1981;X-3811;58;92;50;4.5;53.5;27;119
1.12.1981;X-10937;19;7;260;17.6;1.4;31;546
1.12.1981;X-7127;16;5;30;15.2;0.8;28;427
1.12.1981;X-10953;37;12;10;32.6;4.4;28;922
1.12.1981;X-396;24;3;200;23.3;0.7;31;723
1.12.1981;X-520;21;9;240;19.1;1.9;27;523
1.12.1981;X-6133;35;16;40;29.4;5.6;31;911
1.12.1981;X-8421;10;13;240;8.7;1.3;31;270
1.12.1981;X-9983;15;18;10;12.3;2.7;31;376
1.12.1981;X-4190;38;38;100;23.7;14.3;27;638
1.12.1981;X-2392;19;12;50;16.8;2.2;31;521
1.12.1981;X-7111;17;11;50;15.1;1.9;31;469
1.12.1981;X-7229;23;23;185;17.7;5.3;29;508
1.12.1981;X-1987;21;1;10;20.9;0.1;31;646
1.12.1981;X-7720;14;67;70;4.7;9.3;12;58
1.12.1981;X-5518;106;78;100;23.8;82.2;31;728
1.12.1981;X-8545;51;85;130;7.7;43.4;31;237
1.12.1981;X-9386;30;1;50;29.6;0.4;31;918
1.12.1981;X-4896;30;28;200;21.6;8.4;21;453
1.12.1981;X-9029;26;10;10;23.5;2.5;31;728
1.12.1981;X-2826;35;8;90;32.2;2.8;31;998
1.12.1981;X-7146;23;88;50;2.8;20.2;21;57
1.12.1981;X-4121;15;18;220;12.3;2.7;31;381
1.12.1981;X-1056;28;3;90;27.3;0.7;23;627
1.12.1981;X-2844;24;30;110;16.8;7.2;31;514
1.12.1981;X-1683;20;15;50;17.1;3;31;528
1.12.1981;X-2502;22;31;50;15.2;6.8;31;470
1.12.1981;X-8290;35;7;170;32.6;2.5;31;1009
1.12.1981;X-1188;48;15;40;41;7;31;1269
1.12.1981;X-6999;9;21;30;7.2;1.8;29;204
1.12.1981;X-4344;29;13;110;25.1;3.9;21;528
1.12.1981;X-968;25;3;60;24.3;0.7;31;752
1.12.1981;X-5117;45;5;15;42.8;2.3;25;1083
1.12.1981;X-9370;17;13;210;14.9;2.1;31;461
1.12.1981;X-391;20;2;20;19.5;0.5;31;605
1.12.1981;X-6933;15;7;30;14;1.1;31;432
1.12.1981;X-7930;20;16;5;16.8;3.2;31;514
1.12.1981;X-7860;24;3;10;23.4;0.6;31;724
1.12.1981;X-6459;10;40;70;6;4;31;186
1.12.1981;X-6649;12;43;90;6.8;5.2;31;211
1.12.1981;X-6732;38;23;190;29.4;8.6;22;656
1.12.1981;X-8284;18;3;110;17.5;0.5;31;543
1.12.1981;X-3318;66;66;130;22.4;43.6;31;695
1.12.1981;X-10272;25;11;40;22.3;2.8;31;690
1.12.1981;X-3884;14;2;40;13.7;0.3;31;423
1.12.1981;X-10382;15;3;10;14.6;0.4;31;453
1.12.1981;X-4122;24;39;100;14.8;9.2;31;457
1.12.1981;X-483;20;68;140;6.4;13.6;24;154
1.12.1981;X-7879;13;2;10;12.7;0.3;28;355
1.12.1981;X-4602;13;29;10;9.2;3.8;31;285
1.12.1981;X-6755;43;3;40;41.9;1.1;31;1297
1.12.1981;X-3962;30;15;60;25.4;4.6;16;398
1.12.1981;X-9802;16;4;240;15.4;0.6;31;478
1.12.1981;X-5256;18;82;80;3.2;14.8;29;92
1.12.1981;X-2692;24;58;50;10.1;13.9;27;268
1.12.1981;X-3202;15;8;80;13.8;1.2;29;400
1.12.1981;X-1491;35;6;90;32.8;2.2;19;623
1.12.1981;X-8488;17;2;220;16.6;0.4;31;515
1.12.1981;X-8831;34;44;100;19;15;21;393
1.12.1981;X-5308;33;90;50;3.3;29.7;31;101
1.12.1981;X-9142;24;11;20;21.4;2.6;29;620
1.12.1981;X-6713;32;2;20;31.5;0.5;31;975
1.12.1981;X-2255;22;3;30;21.4;0.6;31;663
1.12.1981;X-7398;22;23;40;17;5;27;464
1.12.1981;X-7103;19;9;40;17.3;1.7;31;536
1.12.1981;X-4560;47;7;150;43.7;3.3;31;1355
1.12.1981;X-3980;13;45;70;7.2;5.8;27;194
1.12.1981;X-696;18;10;70;16.2;1.8;8;134
1.12.1981;X-5227;11;10;20;9.9;1.1;31;307
1.12.1981;X-3204;34;20;50;27.2;6.8;28;761
1.12.1981;X-4755;19;26;1050;14.1;4.9;31;436
1.12.1981;X-1665;20;43;30;11.5;8.5;31;356
1.12.1981;X-9149;22;27;60;16.1;5.9;29;468
1.12.1981;X-9977;21;10;20;18.9;2.1;30;573
1.12.1981;X-1136;54;41;260;31.8;22.2;19;603
1.12.1981;X-5109;46;69;70;14.4;31.6;24;342
1.12.1981;X-2753;124;31;300;85.4;38.6;28;2362
1.12.1981;X-5870;128;35;270;82.6;45.4;29;2395
1.12.1981;X-3855;26;16;40;21.8;4.2;29;633
1.12.1981;X-1101;28;20;10;22.3;5.7;29;646
1.12.1981;X-4782;49;30;20;34.4;14.6;27;929
1.11.1981;X-955;10;2;90;9.8;0.2;23;221
1.11.1981;X-7454;30;3;50;29.1;0.9;29;831
1.11.1981;X-8919;20;27;10;14.6;5.4;29;423
1.11.1981;X-7070;12;7;20;11.2;0.8;28;312
1.11.1981;X-1993;87;86;100;12.2;74.8;31;378
1.11.1981;X-790;20;2;60;19.6;0.4;31;605
1.11.1981;X-263;41;88;110;4.9;36.1;15;72
1.11.1981;X-3527;74;8;100;68.1;5.9;31;2108
1.11.1981;X-3824;23;66;10;7.8;15.2;16;125
1.11.1981;X-8003;12;3;20;11.6;0.4;31;360
1.11.1981;X-10130;78;93;40;5.5;72.5;19;104
1.11.1981;X-4065;17;12;390;15;2;23;347
1.11.1981;X-7894;13;11;170;11.6;1.4;31;358
1.11.1981;X-6112;23;6;130;21.6;1.4;31;670
1.11.1981;X-2519;17;15;100;14.5;2.6;31;448
1.11.1981;X-8556;37;76;30;8.9;28.1;28;248
1.11.1981;X-4456;35;5;60;33.3;1.8;31;1031
1.11.1981;X-9005;26;15;10;22.1;3.9;31;683
1.11.1981;X-8665;20;2;60;19.6;0.4;31;606
1.11.1981;X-3394;27;7;140;25.1;1.9;31;778
1.11.1981;X-29;27;3;200;26.2;0.8;31;809
1.11.1981;X-3835;30;9;30;27.3;2.7;31;844
1.11.1981;X-3572;9;3;70;8.7;0.3;13;113
1.11.1981;X-1111;25;4;100;24;1;31;743
1.11.1981;X-9958;45;31;100;31.1;14;31;962
1.11.1981;X-5995;28;3;70;27.2;0.8;31;841
1.11.1981;X-6772;16;17;180;13.3;2.7;7;89
1.11.1981;X-6623;41;10;80;36.9;4.1;31;1143
1.11.1981;X-4733;11;17;30;9.1;1.9;30;271
1.11.1981;X-4739;26;63;20;9.6;16.4;12;112
1.11.1981;X-9312;20;11;160;17.8;2.2;31;551
1.11.1981;X-5076;48;13;30;41.8;6.2;31;1293
1.11.1981;X-4328;63;12;190;55.4;7.6;31;1717
1.11.1981;X-469;42;8;160;38.6;3.4;29;1121
1.11.1981;X-307;21;17;80;17.4;3.6;28;480
1.11.1981;X-9617;23;5;160;21.9;1.2;31;677
1.11.1981;X-128;22;34;150;14.5;7.5;26;378
1.11.1981;X-9749;21;8;200;19.3;1.7;31;598
1.11.1981;X-5069;27;10;140;24.3;2.7;31;753
1.11.1981;X-8280;12;25;40;9;3;17;153
1.11.1981;X-5249;48;16;100;40.3;7.7;31;1249
1.11.1981;X-1802;29;35;50;18.9;10.2;31;584
1.11.1981;X-8326;22;8;250;20.2;1.8;26;533
1.11.1981;X-7474;28;7;30;26;2;29;755
1.11.1981;X-4872;13;2;10;12.7;0.3;31;395
1.11.1981;X-5239;21;6;110;19.7;1.3;23;453
1.11.1981;X-5708;21;54;40;9.7;11.3;6;54
1.11.1981;X-6499;45;54;40;20.7;24.3;20;423
1.11.1981;X-9007;15;41;20;8.9;6.2;28;247
1.11.1981;X-3757;18;16;30;15.1;2.9;31;468
1.11.1981;X-7837;14;22;40;10.9;3.1;31;338
1.11.1981;X-97;16;16;60;13.4;2.6;31;416
1.11.1981;X-595;10;78;30;2.2;7.8;31;68
1.11.1981;X-10467;18;3;100;17.5;0.5;31;541
1.11.1981;X-1971;25;4;20;24;1;31;742
1.11.1981;X-8217;43;52;20;20.6;22.4;18;365
1.11.1981;X-5842;18;9;30;16.4;1.6;31;508
1.11.1981;X-4873;35;29;60;24.9;10.2;22;538
1.11.1981;X-3848;15;18;280;12.3;2.7;31;381
1.11.1981;X-252;45;22;50;35.1;9.9;31;1087
1.11.1981;X-7619;45;20;100;36;9;27;956
1.11.1981;X-4480;14;3;50;13.6;0.4;31;421
1.11.1981;X-3716;24;4;390;23;1;31;714
1.11.1981;X-7046;15;43;20;8.6;6.5;31;265
1.11.1981;X-9940;10;55;20;4.5;5.5;31;139
1.11.1981;X-4715;17;64;50;6.1;10.9;30;185
1.11.1981;X-4147;41;13;320;35.7;5.3;23;817
1.11.1981;X-2212;25;8;60;23;2;31;712
1.11.1981;X-4241;31;18;60;25.4;5.6;31;777
1.11.1981;X-10537;15;17;240;12.5;2.6;28;352
1.11.1981;X-2601;22;31;140;15.2;6.8;31;470
1.11.1981;X-2565;60;98;80;1.2;58.8;21;25
1.11.1981;X-7263;47;3;420;45.6;1.4;31;1411
1.11.1981;X-787;22;8;280;20.2;1.8;31;627
1.11.1981;X-3896;25;3;180;24.3;0.8;31;751
1.11.1981;X-3862;8;30;20;5.6;2.4;31;173
1.11.1981;X-7221;15;24;70;11.4;3.6;31;353
1.11.1981;X-2649;32;68;40;10.2;21.8;29;297
1.11.1981;X-5545;22;64;70;7.9;14.1;12;92
1.11.1981;X-7983;51;87;40;6.6;44.4;7;44
1.11.1981;X-3811;58;84;50;9.3;48.7;31;287
1.11.1981;X-10937;19;7;260;17.7;1.3;31;546
1.11.1981;X-7127;16;4;30;15.4;0.6;27;415
1.11.1981;X-10953;32;11;20;28.5;3.5;20;570
1.11.1981;X-396;24;4;200;23;1;31;714
1.11.1981;X-520;21;10;240;18.9;2.1;31;585
1.11.1981;X-6133;35;15;40;29.8;5.3;31;921
1.11.1981;X-8421;10;7;240;9.3;0.7;31;288
1.11.1981;X-9983;15;8;10;13.8;1.2;31;427
1.11.1981;X-4190;54;25;200;40.5;13.5;31;1254
1.11.1981;X-2392;19;12;50;16.7;2.3;31;518
1.11.1981;X-7111;17;2;50;16.7;0.3;31;515
1.11.1981;X-7229;23;23;185;17.7;5.3;29;512
1.11.1981;X-1987;40;1;30;39.6;0.4;31;1226
1.11.1981;X-7720;14;34;70;9.2;4.8;31;286
1.11.1981;X-5518;106;88;100;12.7;93.3;23;292
1.11.1981;X-8545;40;85;40;6;34;31;186
1.11.1981;X-9386;30;2;50;29.4;0.6;31;909
1.11.1981;X-4896;30;6;200;28.2;1.8;15;423
1.11.1981;X-9029;21;3;10;20.4;0.6;31;631
1.11.1981;X-2826;38;9;100;34.6;3.4;31;1071
1.11.1981;X-7146;23;63;50;8.5;14.5;16;133
1.11.1981;X-4121;15;12;220;13.2;1.8;31;409
1.11.1981;X-1056;28;4;90;26.9;1.1;17;456
1.11.1981;X-2844;30;10;30;27;3;31;836
1.11.1981;X-1683;20;15;50;17;3;31;526
1.11.1981;X-2502;17;17;50;14.1;2.9;31;437
1.11.1981;X-8290;47;6;200;44.2;2.8;31;1368
1.11.1981;X-1188;48;20;40;38.4;9.6;31;1189
1.11.1981;X-6999;9;23;30;6.9;2.1;31;215
1.11.1981;X-4344;29;16;110;24.4;4.6;29;706
1.11.1981;X-968;25;3;60;24.3;0.8;27;652
1.11.1981;X-5117;45;2;15;44.1;0.9;31;1363
1.11.1981;X-9370;16;9;170;14.6;1.4;31;451
1.11.1981;X-391;24;2;100;23.5;0.5;31;729
1.11.1981;X-6933;15;9;30;13.7;1.4;31;423
1.11.1981;X-7930;15;2;10;14.7;0.3;31;455
1.11.1981;X-7860;21;2;5;20.6;0.4;29;588
1.11.1981;X-6459;10;26;70;7.4;2.6;31;226
1.11.1981;X-6649;12;13;90;10.4;1.6;31;323
1.11.1981;X-6732;38;17;190;31.5;6.5;29;914
1.11.1981;X-8284;25;3;110;24.3;0.8;31;751
1.11.1981;X-3318;20;74;130;5.2;14.8;21;107
1.11.1981;X-10272;25;7;40;23.3;1.8;31;721
1.11.1981;X-3884;14;2;40;13.7;0.3;31;425
1.11.1981;X-10382;12;2;10;11.8;0.2;31;364
1.11.1981;X-4122;24;62;100;9.1;14.9;31;282
1.11.1981;X-483;20;67;140;6.6;13.4;31;204
1.11.1981;X-7879;13;1;10;12.9;0.1;16;201
1.11.1981;X-4602;13;2;10;12.7;0.3;21;263
1.11.1981;X-6755;40;2;90;39.2;0.8;31;1214
1.11.1981;X-3962;30;5;60;28.5;1.5;21;606
1.11.1981;X-9802;21;2;190;20.6;0.4;31;637
1.11.1981;X-5256;18;74;80;4.7;13.3;31;145
1.11.1981;X-2692;24;67;50;7.9;16.1;7;52
1.11.1981;X-3202;15;17;80;12.5;2.6;31;380
1.11.1981;X-1491;37;10;130;33.3;3.7;22;733
1.11.1981;X-8488;16;2;100;15.7;0.3;31;485
1.11.1981;X-8831;17;18;50;13.9;3.1;25;353
1.11.1981;X-5308;33;98;50;0.7;32.3;17;11
1.11.1981;X-9142;24;3;20;23.3;0.7;31;721
1.11.1981;X-6713;32;2;20;31.4;0.6;31;971
1.11.1981;X-2255;22;3;30;21.3;0.7;31;661
1.11.1981;X-7398;20;8;100;18.4;1.6;22;405
1.11.1981;X-7103;19;17;40;15.8;3.2;31;489
1.11.1981;X-4560;45;14;290;38.7;6.3;29;1121
1.11.1981;X-3980;9;21;50;7.1;1.9;31;220
1.11.1981;X-5227;11;9;20;10;1;31;310
1.11.1981;X-3204;34;12;50;29.9;4.1;26;767
1.11.1981;X-4755;19;13;1050;16.5;2.5;31;512
1.11.1981;X-1665;20;57;30;8.6;11.4;31;266
1.11.1981;X-9149;22;11;60;19.6;2.4;28;548
1.11.1981;X-9977;21;19;20;17;4;31;527
1.11.1981;X-1136;65;21;210;51.4;13.7;17;856
1.11.1981;X-5109;46;61;70;17.9;28.1;25;449
1.11.1981;X-2753;80;11;90;71.2;8.8;0;23
1.11.1981;X-5870;128;45;270;70.4;57.6;8;540
1.11.1981;X-3855;83;15;10;70.6;12.5;31;2187
1.11.1981;X-1101;42;38;10;26;16;31;807
1.11.1981;X-4782;49;26;20;36.3;12.7;23;834
1.10.1981;X-955;10;2;90;9.8;0.2;30;289
1.10.1981;X-7454;30;3;50;29.3;0.8;28;819
1.10.1981;X-8919;20;35;10;12.9;7.1;30;382
1.10.1981;X-7070;10;6;20;9.4;0.6;28;260
1.10.1981;X-1993;85;86;100;11.9;73.1;30;357
1.10.1981;X-790;20;19;60;16.2;3.8;30;486
1.10.1981;X-263;41;88;110;4.9;36.1;19;95
1.10.1981;X-3527;59;7;100;54.9;4.1;28;1537
1.10.1981;X-3824;23;23;10;17.7;5.3;21;369
1.10.1981;X-8003;12;6;20;11.3;0.7;27;300
1.10.1981;X-10130;78;89;40;8.6;69.4;25;214
1.10.1981;X-4065;17;7;390;15.8;1.2;27;431
1.10.1981;X-7894;13;9;170;11.8;1.2;30;355
1.10.1981;X-6112;23;12;130;20.2;2.8;30;607
1.10.1981;X-2519;18;15;100;15.4;2.6;30;461
1.10.1981;X-8556;24;79;50;5;19;11;53
1.10.1981;X-4456;35;4;60;33.4;1.6;30;1002
1.10.1981;X-9005;26;15;10;22.1;3.9;30;663
1.10.1981;X-8665;20;1;60;19.8;0.2;28;555
1.10.1981;X-3394;13;7;140;12.1;0.9;30;362
1.10.1981;X-29;27;3;200;26.1;0.9;30;784
1.10.1981;X-3835;30;3;30;29;1;30;870
1.10.1981;X-3572;9;5;70;8.6;0.4;30;257
1.10.1981;X-1111;32;4;180;30.8;1.2;30;924
1.10.1981;X-9958;43;31;170;29.7;13.3;30;890
1.10.1981;X-5995;28;4;70;27;1;30;810
1.10.1981;X-6772;16;16;180;13.4;2.6;25;340
1.10.1981;X-6623;40;9;80;36.4;3.6;30;1091
1.10.1981;X-4733;12;8;140;11.1;0.9;21;236
1.10.1981;X-4739;26;63;20;9.6;16.4;21;204
1.10.1981;X-9312;27;14;160;23.4;3.6;30;700
1.10.1981;X-5076;40;13;90;34.7;5.3;30;1039
1.10.1981;X-4328;63;13;190;54.7;8.3;30;1639
1.10.1981;X-469;42;7;160;39.2;2.8;30;1176
1.10.1981;X-307;21;9;80;19.1;1.9;22;420
1.10.1981;X-9617;23;4;160;22.2;0.8;28;621
1.10.1981;X-128;22;52;150;10.6;11.4;30;317
1.10.1981;X-9749;28;6;200;26.2;1.8;30;786
1.10.1981;X-5069;23;9;140;20.9;2.1;30;625
1.10.1981;X-8280;15;23;110;11.6;3.4;30;348
1.10.1981;X-5249;52;12;100;45.8;6.2;30;1372
1.10.1981;X-1802;45;30;40;31.3;13.7;30;939
1.10.1981;X-8326;22;5;250;21;1;26;546
1.10.1981;X-7474;14;7;30;13;1;30;389
1.10.1981;X-4872;13;2;10;12.7;0.3;30;382
1.10.1981;X-5239;21;9;110;19.2;1.8;30;574
1.10.1981;X-6499;45;54;40;20.7;24.3;23;474
1.10.1981;X-9007;15;41;20;8.9;6.1;30;267
1.10.1981;X-3757;18;12;30;15.9;2.1;28;438
1.10.1981;X-7837;14;34;40;9.3;4.7;24;223
1.10.1981;X-97;20;16;30;16.9;3.1;30;506
1.10.1981;X-595;10;79;30;2.1;7.9;22;46
1.10.1981;X-7140;29;93;10;2.1;26.9;13;28
1.10.1981;X-10467;28;3;160;27;1;30;811
1.10.1981;X-1971;25;5;20;23.7;1.3;30;711
1.10.1981;X-8217;11;32;100;7.5;3.5;17;127
1.10.1981;X-5842;14;8;30;12.9;1.1;28;361
1.10.1981;X-3848;15;19;280;12.2;2.9;30;364
1.10.1981;X-252;45;21;40;35.6;9.5;26;924
1.10.1981;X-7619;45;23;100;34.7;10.4;28;970
1.10.1981;X-4480;14;3;50;13.7;0.4;30;409
1.10.1981;X-3716;24;3;390;23.3;0.7;28;653
1.10.1981;X-7046;15;69;20;4.7;10.4;30;139
1.10.1981;X-9940;10;74;20;2.6;7.4;24;61
1.10.1981;X-4715;19;55;40;8.5;10.5;28;240
1.10.1981;X-4147;41;13;320;35.9;5.1;24;845
1.10.1981;X-2212;25;11;60;22.2;2.8;30;665
1.10.1981;X-4241;16;19;60;13;3;30;389
1.10.1981;X-10537;15;15;240;12.8;2.2;30;384
1.10.1981;X-2601;22;31;140;15.3;6.7;30;457
1.10.1981;X-7263;45;3;420;43.6;1.4;27;1177
1.10.1981;X-787;37;9;280;33.7;3.3;30;995
1.10.1981;X-3896;21;2;150;20.5;0.5;28;565
1.10.1981;X-3862;6;40;20;3.6;2.4;30;108
1.10.1981;X-7221;15;21;70;11.9;3.1;30;356
1.10.1981;X-2649;13;92;20;1;12;28;29
1.10.1981;X-7983;51;63;40;19;32;20;385
1.10.1981;X-3811;58;80;50;11.8;46.2;30;354
1.10.1981;X-10937;20;7;100;18.7;1.3;30;560
1.10.1981;X-7127;16;2;30;15.7;0.3;28;439
1.10.1981;X-10953;24;11;20;21.4;2.6;25;534
1.10.1981;X-396;24;3;200;23.2;0.8;26;604
1.10.1981;X-520;21;7;240;19.6;1.4;30;588
1.10.1981;X-6133;35;15;40;29.9;5.1;30;895
1.10.1981;X-8421;15;7;120;14;1;28;386
1.10.1981;X-7129;20;88;60;2.4;17.6;12;30
1.10.1981;X-9983;15;8;10;13.8;1.2;30;414
1.10.1981;X-4190;54;21;200;42.8;11.2;28;1198
1.10.1981;X-2392;19;8;50;17.5;1.5;30;525
1.10.1981;X-7111;17;2;50;16.7;0.3;30;499
1.10.1981;X-7229;19;26;185;14.1;4.9;21;295
1.10.1981;X-1987;37;1;30;36.7;0.3;30;1100
1.10.1981;X-7720;14;59;70;5.8;8.2;23;130
1.10.1981;X-5518;114;89;100;12.9;101.1;30;386
1.10.1981;X-8545;40;87;40;5.1;34.9;30;152
1.10.1981;X-4032;58;88;10;6.7;51.3;5;34
1.10.1981;X-9386;30;1;50;29.7;0.3;30;890
1.10.1981;X-4896;30;8;200;27.5;2.5;30;826
1.10.1981;X-9029;21;12;10;18.5;2.5;30;554
1.10.1981;X-2826;35;15;260;29.7;5.3;30;890
1.10.1981;X-7146;23;61;50;9;14;1;12
1.10.1981;X-4121;21;12;120;18.5;2.5;30;554
1.10.1981;X-1056;28;3;90;27;1;30;811
1.10.1981;X-2844;30;11;30;26.7;3.3;30;800
1.10.1981;X-1683;19;15;50;16.1;2.9;30;482
1.10.1981;X-2502;22;15;90;18.7;3.3;30;561
1.10.1981;X-8290;44;8;200;40.5;3.5;30;1214
1.10.1981;X-1188;32;17;40;26.6;5.4;30;799
1.10.1981;X-6999;9;24;30;6.8;2.2;30;205
1.10.1981;X-4344;29;16;110;24.5;4.5;30;734
1.10.1981;X-968;25;3;60;24.3;0.7;30;729
1.10.1981;X-5117;32;1;15;31.6;0.4;30;933
1.10.1981;X-9370;20;10;170;18.1;1.9;30;543
1.10.1981;X-391;23;2;100;22.5;0.5;27;608
1.10.1981;X-6933;15;9;30;13.7;1.4;28;382
1.10.1981;X-7930;15;2;10;14.7;0.3;30;441
1.10.1981;X-7860;30;2;5;29.4;0.6;30;871
1.10.1981;X-6459;10;26;70;7.4;2.6;29;216
1.10.1981;X-6649;12;38;90;7.4;4.6;30;223
1.10.1981;X-6732;38;16;190;31.9;6.1;30;957
1.10.1981;X-8284;19;3;110;18.4;0.6;30;552
1.10.1981;X-3318;31;39;130;18.8;12.2;25;476
1.10.1981;X-10272;25;6;40;23.4;1.6;30;702
1.10.1981;X-3884;14;2;40;13.7;0.3;30;406
1.10.1981;X-10382;12;1;10;11.9;0.1;30;356
1.10.1981;X-4122;13;44;20;7.3;5.7;24;172
1.10.1981;X-483;20;24;140;15.3;4.7;30;459
1.10.1981;X-7879;13;4;10;12.5;0.5;25;317
1.10.1981;X-4602;13;1;10;12.8;0.2;23;299
1.10.1981;X-6755;37;3;90;36.1;0.9;30;1082
1.10.1981;X-3962;30;3;60;29.1;0.9;23;659
1.10.1981;X-9802;24;2;190;23.4;0.6;30;702
1.10.1981;X-5256;31;76;80;7.3;23.7;30;219
1.10.1981;X-2692;24;58;50;10.1;13.9;30;302
1.10.1981;X-3202;15;18;80;12.3;2.7;30;369
1.10.1981;X-1491;33;8;130;30.4;2.6;30;913
1.10.1981;X-8488;16;1;100;15.8;0.2;30;474
1.10.1981;X-8831;17;36;50;10.9;6.1;28;305
1.10.1981;X-5308;33;95;50;1.5;31.5;23;35
1.10.1981;X-9142;24;2;20;23.4;0.6;30;702
1.10.1981;X-6713;18;1;20;17.8;0.2;30;533
1.10.1981;X-2255;22;3;30;21.3;0.7;28;596
1.10.1981;X-7398;20;7;100;18.6;1.4;21;391
1.10.1981;X-7103;19;8;40;17.5;1.5;28;489
1.10.1981;X-4560;45;11;290;40.1;4.9;28;1122
1.10.1981;X-3980;9;22;50;7;2;29;204
1.10.1981;X-696;18;7;70;16.8;1.2;26;441
1.10.1981;X-5227;10;8;20;9.2;0.8;30;276
1.10.1981;X-3204;34;10;50;30.6;3.4;26;792
1.10.1981;X-4755;19;21;1050;15;4;30;450
1.10.1981;X-1665;20;46;30;10.8;9.2;30;324
1.10.1981;X-9149;51;13;190;44.5;6.5;28;1226
1.10.1981;X-9977;20;18;20;16.4;3.6;30;492
1.10.1981;X-1136;41;16;150;34.4;6.6;2;80
1.10.1981;X-2753;72;12;90;63.4;8.6;16;1014
1.10.1981;X-5870;80;6;90;75.2;4.8;17;1302
1.10.1981;X-3855;63;12;10;55.2;7.8;30;1655
1.10.1981;X-1101;42;43;10;23.9;18.1;25;599
1.10.1981;X-4782;49;26;20;36.3;12.7;5;181
1.09.1981;X-955;10;2;90;9.8;0.2;31;303
1.09.1981;X-7454;30;3;50;29.3;0.8;28;819
1.09.1981;X-8919;20;34;10;13.3;6.7;28;372
1.09.1981;X-7070;10;6;20;9.4;0.6;26;245
1.09.1981;X-1993;97;77;100;22.3;74.7;31;692
1.09.1981;X-790;20;15;60;17;3;31;526
1.09.1981;X-263;41;88;110;4.9;36.1;31;153
1.09.1981;X-3527;59;9;100;53.9;5.1;31;1670
1.09.1981;X-3824;23;49;10;11.7;11.3;25;293
1.09.1981;X-8003;12;3;20;11.6;0.4;31;359
1.09.1981;X-10130;78;88;40;9.4;68.6;16;150
1.09.1981;X-4196;53;37;220;33.2;19.8;23;764
1.09.1981;X-4065;17;9;390;15.5;1.5;31;481
1.09.1981;X-7894;13;9;170;11.9;1.1;30;356
1.09.1981;X-6112;23;3;130;22.4;0.6;31;694
1.09.1981;X-2519;20;15;30;16.9;3.1;30;508
1.09.1981;X-8556;18;69;50;5.6;12.4;21;117
1.09.1981;X-4456;38;4;230;36.4;1.6;31;1129
1.09.1981;X-9005;24;17;20;19.9;4.1;31;618
1.09.1981;X-8665;21;2;110;20.6;0.4;31;638
1.09.1981;X-3394;13;7;140;12.1;0.9;31;375
1.09.1981;X-29;29;3;200;28.1;0.9;30;844
1.09.1981;X-3835;30;5;30;28.6;1.4;31;885
1.09.1981;X-3572;9;3;70;8.7;0.3;31;270
1.09.1981;X-1111;29;4;180;27.8;1.2;31;863
1.09.1981;X-9958;35;52;170;16.7;18.3;31;516
1.09.1981;X-5995;28;4;70;26.9;1.1;31;835
1.09.1981;X-6772;21;17;170;17.4;3.6;30;521
1.09.1981;X-6623;40;7;80;37.2;2.8;31;1153
1.09.1981;X-4733;15;17;140;12.4;2.6;31;385
1.09.1981;X-4739;26;60;20;10.4;15.6;31;322
1.09.1981;X-9312;34;16;240;28.7;5.3;31;891
1.09.1981;X-5076;48;13;40;42;6;31;1302
1.09.1981;X-4328;65;14;170;56.2;8.8;31;1741
1.09.1981;X-469;42;9;160;38.1;3.9;31;1180
1.09.1981;X-307;21;10;80;18.9;2.1;30;567
1.09.1981;X-9617;23;5;160;22;1;31;681
1.09.1981;X-128;18;42;50;10.4;7.6;31;324
1.09.1981;X-9749;33;6;200;30.9;2.1;31;958
1.09.1981;X-5069;33;11;140;29.5;3.5;31;914
1.09.1981;X-8280;12;27;90;8.8;3.2;31;272
1.09.1981;X-5249;51;14;100;43.9;7.1;31;1360
1.09.1981;X-5857;26;97;150;0.7;25.3;15.33;11
1.09.1981;X-1802;45;26;40;33.3;11.7;31;1032
1.09.1981;X-8326;22;1;250;21.8;0.2;29;632
1.09.1981;X-7474;14;6;30;13.1;0.9;31;406
1.09.1981;X-4872;18;2;10;17.6;0.4;31;545
1.09.1981;X-5239;21;6;110;19.7;1.3;31;610
1.09.1981;X-5708;21;54;40;9.7;11.3;1;10
1.09.1981;X-6499;45;75;30;11.3;33.8;25;281
1.09.1981;X-9007;14;21;20;11.1;2.9;31;343
1.09.1981;X-3757;18;15;30;15.4;2.6;31;477
1.09.1981;X-7837;14;22;40;10.9;3.1;30;328
1.09.1981;X-97;15;9;30;13.6;1.4;31;421
1.09.1981;X-595;16;78;30;3.5;12.5;23;81
1.09.1981;X-7140;54;90;10;5.4;48.6;29;157
1.09.1981;X-10467;37;4;160;35.6;1.4;31;1105
1.09.1981;X-1971;25;5;20;23.8;1.2;31;739
1.09.1981;X-8217;11;13;100;9.6;1.4;31;297
1.09.1981;X-5842;10;10;620;9;1;31;280
1.09.1981;X-4873;70;70;150;21;49;1;21
1.09.1981;X-3848;15;18;280;12.3;2.7;31;381
1.09.1981;X-252;51;21;40;40.5;10.5;30;1214
1.09.1981;X-7619;45;20;100;36;9;31;1116
1.09.1981;X-4480;14;3;50;13.6;0.4;31;421
1.09.1981;X-3716;28;3;280;27.1;0.9;31;841
1.09.1981;X-7046;15;52;20;7.2;7.8;31;223
1.09.1981;X-9940;10;58;20;4.2;5.8;25;105
1.09.1981;X-4715;19;55;40;8.6;10.5;31;265
1.09.1981;X-4147;32;8;320;29.5;2.5;31;914
1.09.1981;X-2212;30;10;60;27;3;30;810
1.09.1981;X-4241;16;15;60;13.6;2.4;31;422
1.09.1981;X-10537;15;18;240;12.2;2.8;31;379
1.09.1981;X-2601;23;46;60;12.4;10.6;31;383
1.09.1981;X-7534;17;66;10;5.8;11.2;1;6
1.09.1981;X-7263;41;3;420;39.7;1.3;31;1230
1.09.1981;X-787;37;9;280;33.9;3.1;26;880
1.09.1981;X-3896;21;2;150;20.6;0.4;31;638
1.09.1981;X-3862;13;37;20;8.2;4.8;31;254
1.09.1981;X-7221;17;24;70;12.9;4.1;31;401
1.09.1981;X-2649;13;85;20;2;11.1;21;41
1.09.1981;X-7983;51;66;40;17.3;33.7;31;538
1.09.1981;X-3811;58;83;50;9.8;48.2;25;244
1.09.1981;X-10937;20;3;100;19.3;0.7;31;599
1.09.1981;X-7127;16;4;30;15.4;0.6;27;415
1.09.1981;X-10953;24;15;20;20.4;3.6;19;388
1.09.1981;X-396;24;3;200;23.3;0.7;31;722
1.09.1981;X-520;21;5;240;19.9;1.1;31;616
1.09.1981;X-6133;37;15;40;31.6;5.4;31;981
1.09.1981;X-8421;15;9;120;13.7;1.3;30;410
1.09.1981;X-7129;20;90;60;1.9;18.1;30;58
1.09.1981;X-9983;15;9;10;13.7;1.4;31;423
1.09.1981;X-4190;54;25;200;40.3;13.7;15;605
1.09.1981;X-2392;19;13;50;16.6;2.4;27;449
1.09.1981;X-7111;17;2;50;16.6;0.4;31;515
1.09.1981;X-7229;14;20;340;11.2;2.8;31;347
1.09.1981;X-1987;34;1;20;33.7;0.3;31;1046
1.09.1981;X-7720;25;58;70;10.5;14.5;30;315
1.09.1981;X-5518;136;95;100;6.8;129.2;21;143
1.09.1981;X-8545;40;87;40;5.2;34.8;31;161
1.09.1981;X-4032;58;95;10;3;55;31;92
1.09.1981;X-9386;30;2;50;29.5;0.5;31;915
1.09.1981;X-4896;32;6;200;30.1;1.9;30;904
1.09.1981;X-9029;21;7;10;19.6;1.4;31;609
1.09.1981;X-2826;46;18;260;37.7;8.3;31;1168
1.09.1981;X-7146;23;61;50;9;14;0;0
1.09.1981;X-4121;21;6;120;19.7;1.3;27;533
1.09.1981;X-1056;28;4;90;27;1;30;810
1.09.1981;X-2844;32;11;40;28.5;3.5;31;883
1.09.1981;X-1683;22;7;60;20.6;1.4;30;617
1.09.1981;X-2502;22;12;90;19.4;2.6;31;600
1.09.1981;X-8290;42;10;40;37.8;4.2;31;1172
1.09.1981;X-1188;16;15;20;13.6;2.4;31;420
1.09.1981;X-6999;9;26;30;6.7;2.3;29;194
1.09.1981;X-4344;34;18;110;28;6;29;812
1.09.1981;X-968;16;2;40;15.6;0.4;31;485
1.09.1981;X-5117;20;1;20;19.8;0.2;31;613
1.09.1981;X-9370;24;8;170;22.1;1.9;31;684
1.09.1981;X-391;22;2;100;21.5;0.5;31;666
1.09.1981;X-6933;21;8;60;19.4;1.6;31;602
1.09.1981;X-7930;15;2;10;14.7;0.3;31;456
1.09.1981;X-7860;38;2;10;37.2;0.8;30;1116
1.09.1981;X-6459;10;25;40;7.5;2.5;30;225
1.09.1981;X-6649;12;22;90;9.4;2.6;31;290
1.09.1981;X-6732;38;14;190;32.7;5.3;31;1013
1.09.1981;X-8284;12;4;120;11.6;0.4;30;347
1.09.1981;X-3318;31;37;130;19.5;11.5;31;604
1.09.1981;X-10272;25;6;40;23.5;1.6;31;727
1.09.1981;X-3884;14;2;40;13.7;0.3;30;412
1.09.1981;X-10382;12;2;10;11.8;0.2;31;366
1.09.1981;X-4122;13;24;20;9.9;3.1;27;267
1.09.1981;X-483;20;68;140;6.4;13.6;31;198
1.09.1981;X-7879;13;3;10;12.6;0.4;31;392
1.09.1981;X-4602;15;1;110;14.8;0.2;30;445
1.09.1981;X-6755;43;3;90;41.9;1.1;31;1298
1.09.1981;X-3962;37;7;90;34.6;2.4;19;657
1.09.1981;X-9802;25;2;230;24.5;0.5;31;758
1.09.1981;X-5256;31;69;80;9.7;21.3;24;233
1.09.1981;X-2692;24;67;50;7.8;16.2;26;204
1.09.1981;X-3202;15;16;80;12.6;2.4;31;391
1.09.1981;X-1491;30;10;130;27;3;31;838
1.09.1981;X-8488;23;1;30;22.7;0.3;31;703
1.09.1981;X-8831;17;34;50;11.2;5.8;31;348
1.09.1981;X-5308;33;98;50;0.7;32.3;21;14
1.09.1981;X-9142;24;3;20;23.3;0.7;31;722
1.09.1981;X-6713;18;2;20;17.6;0.4;31;547
1.09.1981;X-2255;22;4;30;21.2;0.8;31;657
1.09.1981;X-7398;20;7;100;18.6;1.4;19;354
1.09.1981;X-7103;19;16;40;16;3;31;495
1.09.1981;X-4560;45;8;290;41.4;3.6;31;1282
1.09.1981;X-3980;9;15;50;7.6;1.4;23;175
1.09.1981;X-696;22;4;80;21.1;0.9;29;611
1.09.1981;X-5227;10;8;20;9.2;0.8;31;285
1.09.1981;X-3204;34;10;50;30.5;3.5;31;945
1.09.1981;X-4755;19;17;1050;15.7;3.3;31;487
1.09.1981;X-1665;20;31;30;13.9;6.1;31;431
1.09.1981;X-9149;51;14;190;43.7;7.3;31;1354
1.09.1981;X-9977;20;20;20;16;4;31;496
1.09.1981;X-1136;41;17;150;33.9;7.1;31;1051
1.09.1981;X-5109;27;29;300;19.2;7.8;28;539
1.09.1981;X-2753;56;9;340;50.8;5.2;29;1475
1.09.1981;X-5870;57;22;90;44.5;12.5;20;889
1.09.1981;X-3855;53;12;10;46.6;6.4;30;1399
1.08.1981;X-955;10;2;90;9.8;0.2;28;274.4
1.08.1981;X-7454;30;3;50;29.1;0.9;29;843.9
1.08.1981;X-8919;22;33;30;14.74;7.26;30;442.2
1.08.1981;X-7070;10;15;20;8.5;1.5;30;255
1.08.1981;X-1993;82;82;95;14.76;67.24;30;442.8
1.08.1981;X-790;20;2;60;19.6;0.4;30;588
1.08.1981;X-263;41;88;110;4.92;36.08;23;113.16
1.08.1981;X-3527;47;4;20;45.12;1.88;30;1353.6
1.08.1981;X-8003;12;3;20;11.64;0.36;30;349.2
1.08.1981;X-10130;78;93;40;5.46;72.54;24;131.04
1.08.1981;X-4196;51;48;30;26.52;24.48;30;795.6
1.08.1981;X-4065;29;18;810;23.78;5.22;30;713.4
1.08.1981;X-7894;13;11;170;11.57;1.43;30;347.1
1.08.1981;X-6112;23;6;130;21.62;1.38;30;648.6
1.08.1981;X-2519;20;12;30;17.6;2.4;30;528
1.08.1981;X-8556;12;31;50;8.28;3.72;26;215.28
1.08.1981;X-4456;38;3;230;36.86;1.14;30;1105.8
1.08.1981;X-9005;24;16;20;20.16;3.84;30;604.8
1.08.1981;X-8665;21;2;110;20.58;0.42;30;617.4
1.08.1981;X-3394;13;5;140;12.35;0.65;30;370.5
1.08.1981;X-29;29;3;200;28.13;0.87;30;843.9
1.08.1981;X-3835;30;9;30;27.3;2.7;30;819
1.08.1981;X-3572;9;3;70;8.73;0.27;30;261.9
1.08.1981;X-1111;26;4;180;24.96;1.04;30;748.8
1.08.1981;X-9958;35;37;170;22.05;12.95;22;485.1
1.08.1981;X-5995;28;3;70;27.16;0.84;30;814.8
1.08.1981;X-6772;21;16;170;17.64;3.36;30;529.2
1.08.1981;X-6623;43;9;80;39.13;3.87;30;1173.9
1.08.1981;X-4733;18;27;30;13.14;4.86;30;394.2
1.08.1981;X-4739;26;63;20;9.62;16.38;30;288.6
1.08.1981;X-9312;21;12;240;18.48;2.52;30;554.4
1.08.1981;X-5076;48;12;40;42.24;5.76;30;1267.2
1.08.1981;X-4328;54;17;170;44.82;9.18;30;1344.6
1.08.1981;X-307;21;17;80;17.43;3.57;26;453.18
1.08.1981;X-9617;15;4;30;14.4;0.6;30;432
1.08.1981;X-128;14;16;50;11.76;2.24;30;352.8
1.08.1981;X-9749;27;6;80;25.38;1.62;30;761.4
1.08.1981;X-5069;42;11;140;37.38;4.62;30;1121.4
1.08.1981;X-8280;12;27;90;8.76;3.24;30;262.8
1.08.1981;X-5249;43;14;100;36.98;6.02;30;1109.4
1.08.1981;X-5857;43;90;30;4.3;38.7;30;129
1.08.1981;X-1802;29;35;40;18.85;10.15;23;433.55
1.08.1981;X-8326;22;8;250;20.24;1.76;10;202.4
1.08.1981;X-7474;14;5;30;13.3;0.7;30;399
1.08.1981;X-4872;23;1;40;22.77;0.23;30;683.1
1.08.1981;X-5239;21;6;110;19.74;1.26;29;572.46
1.08.1981;X-6499;45;85;30;6.75;38.25;30;202.5
1.08.1981;X-9007;11;21;20;8.69;2.31;18;156.42
1.08.1981;X-3757;17;15;40;14.45;2.55;25;361.25
1.08.1981;X-7837;15;62;50;5.7;9.3;30;171
1.08.1981;X-97;10;11;30;8.9;1.1;30;267
1.08.1981;X-595;10;78;30;2.2;7.8;30;66
1.08.1981;X-7140;22;93;10;1.54;20.46;30;46.2
1.08.1981;X-10467;32;3;160;31.04;0.96;30;931.2
1.08.1981;X-1971;25;4;20;24;1;30;720
1.08.1981;X-8217;11;13.11;100;9.52;1.44;7.67;73
1.08.1981;X-5842;10;10;620;9;1;29;261
1.08.1981;X-3848;16;18;200;13.12;2.88;30;393.6
1.08.1981;X-252;56;17;40;46.48;9.52;30;1394.4
1.08.1981;X-7619;46;12;130;40.48;5.52;13;526.24
1.08.1981;X-4480;14;3;50;13.58;0.42;30;407.4
1.08.1981;X-3716;28;5;280;26.6;1.4;30;798
1.08.1981;X-7046;15;43;20;8.55;6.45;21;179.55
1.08.1981;X-9940;10;31;20;6.9;3.1;30;207
1.08.1981;X-4715;14;47;40;7.42;6.58;21;155.82
1.08.1981;X-4147;32;7;320;29.76;2.24;30;892.8
1.08.1981;X-2212;30;6;60;28.2;1.8;30;846
1.08.1981;X-4241;16;10;60;14.4;1.6;30;432
1.08.1981;X-10537;15;17;240;12.45;2.55;30;373.5
1.08.1981;X-2601;23;68;60;7.36;15.64;30;220.8
1.08.1981;X-7263;44;3;90;42.68;1.32;30;1280.4
1.08.1981;X-787;37;12;280;32.56;4.44;30;976.8
1.08.1981;X-3896;21;3;150;20.37;0.63;30;611.1
1.08.1981;X-3862;6;28;20;4.32;1.68;26;112.32
1.08.1981;X-7221;17;16;70;14.28;2.72;30;428.4
1.08.1981;X-2649;13;61;20;5.07;7.93;24;121.68
1.08.1981;X-7983;38;87;50;4.94;33.06;30;148.2
1.08.1981;X-3811;30;82;40;5.4;24.6;29;156.6
1.08.1981;X-10937;20;3;100;19.4;0.6;28;543.2
1.08.1981;X-7127;17;2;40;16.66;0.34;30;499.8
1.08.1981;X-10953;26;9;20;23.66;2.34;23;544.18
1.08.1981;X-396;24;4;200;23.04;0.96;30;691.2
1.08.1981;X-520;21;10;240;18.9;2.1;30;567
1.08.1981;X-6133;37;15;40;31.45;5.55;30;943.5
1.08.1981;X-8421;13;9;60;11.83;1.17;30;354.9
1.08.1981;X-7129;22;70;50;6.6;15.4;30;198
1.08.1981;X-9983;15;8;10;13.8;1.2;30;414
1.08.1981;X-4190;54;25;200;40.5;13.5;23;931.5
1.08.1981;X-2392;18;18;20;14.76;3.24;30;442.8
1.08.1981;X-7111;17;2;50;16.66;0.34;30;499.8
1.08.1981;X-7229;14;8;340;12.88;1.12;30;386.4
1.08.1981;X-1987;34;1;20;33.66;0.34;30;1009.8
1.08.1981;X-7720;31;23;110;23.87;7.13;15;358.05
1.08.1981;X-5518;91;95;100;4.55;86.45;30;136.5
1.08.1981;X-8545;40;85;40;6;34;30;180
1.08.1981;X-4032;58;96;10;2.32;55.68;13;30.16
1.08.1981;X-9386;34;3;80;32.98;1.02;30;989.4
1.08.1981;X-4896;20;2;200;19.6;0.4;30;588
1.08.1981;X-9029;21;3;10;20.37;0.63;30;611.1
1.08.1981;X-2826;43;25;260;32.25;10.75;30;967.5
1.08.1981;X-7146;23;63;50;8.51;14.49;29;246.79
1.08.1981;X-4121;10;10;50;9;1;30;270
1.08.1981;X-1056;28;4;90;26.88;1.12;28;752.64
1.08.1981;X-2844;32;10;40;28.8;3.2;30;864
1.08.1981;X-1683;22;5;60;20.9;1.1;28;585.2
1.08.1981;X-2502;22;15;90;18.7;3.3;28;523.6
1.08.1981;X-8290;42;10;40;37.8;4.2;30;1134
1.08.1981;X-1188;16;21;20;12.64;3.36;30;379.2
1.08.1981;X-6999;9;23;30;6.93;2.07;28;194.04
1.08.1981;X-4344;39;11;130;34.71;4.29;25;867.75
1.08.1981;X-968;16;1;40;15.84;0.16;30;475.2
1.08.1981;X-5117;20;2;20;19.6;0.4;26;509.6
1.08.1981;X-9370;32;9;280;29.12;2.88;30;873.6
1.08.1981;X-391;22;3;100;21.34;0.66;30;640.2
1.08.1981;X-3254;15;94;210;0.9;14.1;19.33;17
1.08.1981;X-6933;21;11;60;18.69;2.31;30;560.7
1.08.1981;X-7930;15;2;10;14.7;0.3;30;441
1.08.1981;X-7860;38;2;10;37.24;0.76;30;1117.2
1.08.1981;X-6459;10;20;40;8;2;17;136
1.08.1981;X-6649;12;13;90;10.44;1.56;30;313.2
1.08.1981;X-6732;30;18;100;24.6;5.4;30;738
1.08.1981;X-8284;12;10;120;10.8;1.2;29;313.2
1.08.1981;X-3318;31;45;130;17.05;13.95;28;477.4
1.08.1981;X-10272;25;7;40;23.25;1.75;30;697.5
1.08.1981;X-3884;15;2;40;14.7;0.3;30;441
1.08.1981;X-10382;12;2;10;11.76;0.24;30;352.8
1.08.1981;X-4122;52;25;20;9.75;3.25;4;39
1.08.1981;X-483;19;68;140;6.08;12.92;30;182.4
1.08.1981;X-7879;13;1;10;12.87;0.13;30;386.1
1.08.1981;X-4602;15;2;110;14.7;0.3;30;441
1.08.1981;X-6755;38;3;90;36.86;1.14;30;1105.8
1.08.1981;X-3962;37;5;90;35.15;1.85;30;1054.5
1.08.1981;X-9802;19;3;70;18.43;0.57;30;552.9
1.08.1981;X-5256;24;41;70;14.16;9.84;30;424.8
1.08.1981;X-2692;14;66;50;4.76;9.24;23;109.48
1.08.1981;X-3202;15;17;80;12.45;2.55;30;373.5
1.08.1981;X-1491;27;9;130;24.57;2.43;30;737.1
1.08.1981;X-8488;23;2;30;22.54;0.46;30;676.2
1.08.1981;X-8831;21;18;50;17.22;3.78;30;516.6
1.08.1981;X-5308;33;98;50;0.66;32.34;30;19.8
1.08.1981;X-9142;24;3;20;23.28;0.72;30;698.4
1.08.1981;X-6713;18;2;20;17.64;0.36;30;529.2
1.08.1981;X-2255;22;3;30;21.34;0.66;30;640.2
1.08.1981;X-7398;20;8;100;18.4;1.6;25;460
1.08.1981;X-7103;19;17;40;15.77;3.23;30;473.1
1.08.1981;X-4560;45;14;290;38.7;6.3;30;1161
1.08.1981;X-3980;9;21;50;7.11;1.89;29;206.19
1.08.1981;X-696;22;8;80;20.24;1.76;23;465.52
1.08.1981;X-5227;10;12;20;8.8;1.2;30;264
1.08.1981;X-3204;34;12;50;29.92;4.08;30;897.6
1.08.1981;X-4755;19;13;1050;16.53;2.47;30;495.9
1.08.1981;X-1665;20;57;30;8.6;11.4;30;258
1.08.1981;X-9149;51;15;190;43.35;7.65;25;1083.75
1.08.1981;X-9977;11;22;50;8.58;2.42;30;257.4
1.08.1981;X-1136;34;12;320;29.92;4.08;30;897.6
1.08.1981;X-5109;27;64;300;9.72;17.28;29;281.88
1.08.1981;X-2753;66;7;60;61.38;4.62;10;613.8
1.08.1981;X-5870;90;32;50;61.2;28.8;30;1836
1.08.1981;X-469;43;8;160;39.56;3.44;30;1186.8
1.07.1981;X-955;10;1.7;90;9.8;0.2;26.7;262.2
1.07.1981;X-7454;30;2.6;50;29.2;0.8;26.7;779
1.07.1981;X-8919;22;27;30;16.1;5.9;29.3;471
1.07.1981;X-7070;13;15.5;40;11;2;31;340.5
1.07.1981;X-1993;82;83.4;95;13.6;68.4;31;422.6
1.07.1981;X-790;20;2.2;60;19.6;0.4;31;606.4
1.07.1981;X-263;47;88;110;5.6;41.4;18.3;103.4
1.07.1981;X-3527;47;4.5;20;44.9;2.1;30.9;1388
1.07.1981;X-3824;23;48.9;10;11.7;11.3;10;117.5
1.07.1981;X-8003;37;3.2;180;35.8;1.2;24.7;883.6
1.07.1981;X-10130;78;83;40;13.3;64.7;19;251.9
1.07.1981;X-4196;51;35.3;30;33;18;31;1022.4
1.07.1981;X-4065;34;17.3;810;28.1;5.9;30.9;868.8
1.07.1981;X-7894;10;13;240;8.7;1.3;29.2;254.4
1.07.1981;X-6112;23;7.3;390;21.3;1.7;31;660.7
1.07.1981;X-2519;20;17.8;30;16.4;3.6;29.2;480.5
1.07.1981;X-4456;38;2.7;230;37;1;31;1146
1.07.1981;X-9005;24;17.3;20;19.8;4.2;30.6;606.7
1.07.1981;X-8665;21;1.4;110;20.7;0.3;30.6;633.4
1.07.1981;X-3394;13;9.7;140;11.7;1.3;29;340.4
1.07.1981;X-29;29;3.5;200;28;1;27.9;781.1
1.07.1981;X-3835;23;9;20;20.9;2.1;31;648.8
1.07.1981;X-3572;13;3.2;70;12.6;0.4;17;213.9
1.07.1981;X-1111;28;3.9;180;26.9;1.1;25.9;697.2
1.07.1981;X-9958;40;25;170;30;10;30.9;927.3
1.07.1981;X-5995;28;3.1;70;27.1;0.9;30.9;838.7
1.07.1981;X-6772;21;12.8;170;18.3;2.7;29.7;543.3
1.07.1981;X-6623;26;12.5;80;22.8;3.3;30.9;703.2
1.07.1981;X-4733;18;17.8;30;14.8;3.2;9;133.2
1.07.1981;X-4739;23;31.3;20;15.8;7.2;1;15.8
1.07.1981;X-9312;21;11;240;18.7;2.3;31;579.4
1.07.1981;X-5076;47;27.5;100;34.1;12.9;31;1056.3
1.07.1981;X-4328;54;18;170;44.3;9.7;31;1372.7
1.07.1981;X-469;30;6.7;160;28;2;31;868.1
1.07.1981;X-307;21;14.3;80;18;3;30.9;556.6
1.07.1981;X-9617;15;3.3;30;14.5;0.5;31;449.8
1.07.1981;X-128;22;52;80;10.6;11.4;31;327.4
1.07.1981;X-5751;17;92.1;20;1.3;15.7;18.3;24.5
1.07.1981;X-9749;25;8.3;80;22.9;2.1;31;711.1
1.07.1981;X-5069;41;11.5;140;36.3;4.7;31;1124.8
1.07.1981;X-8280;14;28;210;10.1;3.9;31;312.5
1.07.1981;X-5249;42;14.3;100;36;6;30.9;1112.1
1.07.1981;X-5857;43;96;30;1.7;41.3;31;53.3
1.07.1981;X-1802;29;35.3;40;18.8;10.2;21.7;406.4
1.07.1981;X-7474;14;4.9;30;13.3;0.7;31;412.7
1.07.1981;X-4872;23;1.9;40;22.6;0.4;31;699.6
1.07.1981;X-5239;8;14;220;6.9;1.1;2;13.8
1.07.1981;X-6499;45;73;30;12.2;32.9;30.6;371.5
1.07.1981;X-9007;12;9.5;60;10.9;1.1;13;141.2
1.07.1981;X-3757;17;15.7;40;14.3;2.7;29.5;422.7
1.07.1981;X-7837;24;62;50;9.1;14.9;31;282.7
1.07.1981;X-97;14;8.8;40;12.8;1.2;30;383.2
1.07.1981;X-595;25;61;20;9.8;15.3;31;302.3
1.07.1981;X-7140;86;95;15;4.3;81.7;3;12.9
1.07.1981;X-10467;18;2.9;160;17.5;0.5;30.9;540.5
1.07.1981;X-1971;19;4.2;20;18.2;0.8;30.6;556.6
1.07.1981;X-8217;11;39;100;6.7;4.3;12;80.5
1.07.1981;X-5842;10;11.5;620;8.9;1.2;11;97.4
1.07.1981;X-3848;16;18;200;13.1;2.9;31;406.7
1.07.1981;X-252;45;19.5;40;36.2;8.8;31;1123
1.07.1981;X-7619;46;10;130;41.4;4.6;4.3;179.3
1.07.1981;X-4480;14;3.8;70;13.5;0.5;31;417.5
1.07.1981;X-3716;28;4.5;280;26.7;1.3;31;828.7
1.07.1981;X-7046;15;58;20;6.3;8.7;31;195.3
1.07.1981;X-9940;15;33.5;20;10;5;31;309.2
1.07.1981;X-4715;14;53.6;40;6.5;7.5;30.6;198.6
1.07.1981;X-4147;32;6.8;320;29.8;2.2;31;924.5
1.07.1981;X-2212;30;5.4;60;28.4;1.6;31;879.8
1.07.1981;X-4241;16;8.7;60;14.6;1.4;22.3;326.3
1.07.1981;X-10537;15;16.4;240;12.5;2.5;29.3;367.8
1.07.1981;X-2601;20;62;60;7.6;12.4;31;235.6
1.07.1981;X-7263;47;2.7;90;45.7;1.3;31;1417.7
1.07.1981;X-787;32;33.2;280;21.4;10.6;31;663
1.07.1981;X-3896;21;3.4;150;20.3;0.7;25.3;513.8
1.07.1981;X-3862;19;3.8;180;18.3;0.7;15.3;280.2
1.07.1981;X-7221;17;20;70;13.6;3.4;31;421.6
1.07.1981;X-2649;18;76.2;20;4.3;13.7;15.7;67.2
1.07.1981;X-7983;68;86.7;30;9;59;31;280.1
1.07.1981;X-3811;56;84.2;50;8.8;47.2;31;273.8
1.07.1981;X-10937;13;5.8;20;12.2;0.8;19.7;240.9
1.07.1981;X-7127;17;3.2;40;16.5;0.5;29;477.2
1.07.1981;X-10953;26;21;20;20.5;5.5;6.3;130
1.07.1981;X-396;24;3.4;200;23.2;0.8;31;718.4
1.07.1981;X-520;21;7.7;240;19.4;1.6;27.2;528.2
1.07.1981;X-6133;37;15.6;110;31.2;5.8;31;968.1
1.07.1981;X-8421;13;10.8;60;11.6;1.4;28.3;328.4
1.07.1981;X-7129;22;94.5;50;1.2;20.8;31;37.5
1.07.1981;X-9983;23;8;20;21.2;1.8;31;656
1.07.1981;X-4190;34;21.7;350;26.6;7.4;21.2;565.7
1.07.1981;X-2392;17;15.3;20;14.4;2.6;30;432.2
1.07.1981;X-7111;20;2.1;40;19.6;0.4;31;607.3
1.07.1981;X-7229;14;16;340;11.8;2.2;31;364.6
1.07.1981;X-1987;34;1.5;20;33.5;0.5;31;1038
1.07.1981;X-7720;31;39.2;110;18.8;12.2;17;320.4
1.07.1981;X-5518;90;85.9;100;12.7;77.3;20.3;258.2
1.07.1981;X-8545;40;87.5;40;5;35;30.9;154.6
1.07.1981;X-9386;22;2.8;80;21.4;0.6;31;663.2
1.07.1981;X-4896;27;2.2;200;26.4;0.6;30.9;816.2
1.07.1981;X-9029;21;3.1;10;20.4;0.6;31;631
1.07.1981;X-1878;33;100;70;0;33;4;0
1.07.1981;X-2826;41;26.7;260;30.1;10.9;30.6;919.4
1.07.1981;X-4121;19;9.2;50;17.3;1.7;29.3;506.3
1.07.1981;X-1056;28;4.2;90;26.8;1.2;23.6;632.5
1.07.1981;X-2844;29;17.3;90;24;5;28.3;679.2
1.07.1981;X-1683;13;2.7;60;12.7;0.3;31;392.3
1.07.1981;X-2502;16;17;60;13.3;2.7;31;411.7
1.07.1981;X-8290;29;7.1;50;26.9;2.1;31;834.9
1.07.1981;X-1188;19;39.6;30;11.5;7.5;15.3;175.9
1.07.1981;X-6999;9;22;30;7;2;20;140.4
1.07.1981;X-4344;39;18.9;130;31.6;7.4;20.3;643.2
1.07.1981;X-968;16;2;40;15.7;0.3;31;486.1
1.07.1981;X-5117;20;1.2;20;19.8;0.2;31;612.6
1.07.1981;X-9370;27;9;230;24.6;2.4;31;761.7
1.07.1981;X-391;22;2.7;100;21.4;0.6;31;663.6
1.07.1981;X-3254;15;90;210;1.5;13.5;10;15
1.07.1981;X-6933;21;11.1;60;18.7;2.3;31;579
1.07.1981;X-7930;30;1.7;10;29.5;0.5;28.3;835.5
1.07.1981;X-7860;38;1.7;10;37.3;0.7;31;1157.6
1.07.1981;X-6459;11;22;40;8.6;2.4;20;171.6
1.07.1981;X-8073;23;92.7;250;1.7;21.3;5.3;8.9
1.07.1981;X-6649;19;11.8;20;16.8;2.2;29.3;491.5
1.07.1981;X-6732;30;18.7;100;24.4;5.6;29;707.6
1.07.1981;X-8284;12;13.6;120;10.4;1.6;30.9;320.5
1.07.1981;X-3318;31;52.5;130;14.7;16.3;24.3;358.3
1.07.1981;X-10272;25;7.2;40;23.2;1.8;31;719.2
1.07.1981;X-3884;15;2.2;40;14.7;0.3;31;455
1.07.1981;X-10382;12;1.7;10;11.8;0.2;31;365.6
1.07.1981;X-4122;13;24;20;9.9;3.1;27.3;270
1.07.1981;X-483;29;53;140;13.6;15.4;20.3;277.1
1.07.1981;X-7879;11;1;10;10.9;0.1;31;337.8
1.07.1981;X-4602;15;3;110;14.6;0.5;27.3;397.7
1.07.1981;X-6755;35;2.6;90;34.1;0.9;30.9;1053.4
1.07.1981;X-3962;37;10.4;90;33.2;3.8;27.3;903.4
1.07.1981;X-9802;19;2.4;70;18.5;0.5;29.3;543.9
1.07.1981;X-5256;39;59;70;16;23;10;159.9
1.07.1981;X-2692;14;59;50;5.7;8.3;31;177.9
1.07.1981;X-3202;15;15.4;70;12.7;2.3;31;393.4
1.07.1981;X-1491;41;6.5;130;38.3;2.7;30.9;1185.3
1.07.1981;X-8488;29;1.9;70;28.4;0.6;31;881.9
1.07.1981;X-8831;21;18;50;17.2;3.8;31;533.8
1.07.1981;X-5308;38;82.7;50;6.6;31.4;29.3;193.2
1.07.1981;X-9142;24;3.1;20;23.3;0.7;29.3;682.1
1.07.1981;X-6713;18;2.5;20;17.6;0.4;31;544.2
1.07.1981;X-2255;22;3.1;30;21.3;0.7;31;660.6
1.07.1981;X-7103;19;19.3;40;15.3;3.7;31;475.1
1.07.1981;X-4560;33;12.5;160;28.9;4.1;14.7;423.7
1.07.1981;X-3980;9;8.1;50;8.3;0.7;31;256.4
1.07.1981;X-696;22;4.6;80;21;1;19.9;418.3
1.07.1981;X-5227;10;14.5;20;8.6;1.5;31;265.1
1.07.1981;X-3204;34;11.2;50;30.2;3.8;30.9;933.4
1.07.1981;X-4755;19;38.4;1050;11.7;7.3;31;362.7
1.07.1981;X-1665;28;67.4;30;9.1;18.9;30.9;282.1
1.07.1981;X-9149;51;15.3;190;43.2;7.8;18.7;806.2
1.07.1981;X-9977;12;20;50;9.6;2.4;23.7;227.2
1.07.1981;X-1136;34;27.4;320;24.7;9.3;29.3;724
1.07.1981;X-5109;27;34.2;300;17.8;9.2;20.9;371.5
1.07.1981;X-2753;66;13.2;60;57.3;8.7;4.3;248.2
1.07.1981;X-5870;90;32;50;61.2;28.8;12;734.4
1.06.1981;X-955;15;2;40;14.8;0.2;25.3;374
1.06.1981;X-4308;119;98;30;2.4;116.6;0;0
1.06.1981;X-7454;30;3;50;29.1;0.9;26;757
1.06.1981;X-8919;21;20;120;16.8;4.2;24;403
1.06.1981;X-7070;13;18;40;10.7;2.3;29;309
1.06.1981;X-1993;83;79;420;17.5;65.5;29;508
1.06.1981;X-9412;96;96;240;3.8;92.2;0;0
1.06.1981;X-790;19;8;30;17.6;1.4;28;492
1.06.1981;X-263;47;87;110;6.3;40.7;29;184
1.06.1981;X-10971;89;91;200;8;81;0;0
1.06.1981;X-3527;41;3;20;39.7;1.3;22;873
1.06.1981;X-3824;23;55;10;10.3;12.7;17;175
1.06.1981;X-8003;37;3;180;36;1;19;684
1.06.1981;X-2684;22;90;170;2.2;19.8;0;0
1.06.1981;X-10130;51;82;40;9.1;41.9;21.3;195
1.06.1981;X-4196;56;65;150;19.4;36.6;29;563
1.06.1981;X-8272;73;83;260;12.4;60.6;0;0
1.06.1981;X-1898;33;100;250;0;33;0;0
1.06.1981;X-4065;39;14;810;33.7;5.3;27;910
1.06.1981;X-3467;100;93;310;7;93;0;0
1.06.1981;X-8029;105;96;10;4.2;100.8;0;0
1.06.1981;X-7894;10;12;240;8.8;1.2;27;237
1.06.1981;X-6112;23;9;390;21;2;29;609
1.06.1981;X-2519;20;17;30;16.6;3.5;29;480
1.06.1981;X-8556;12;60;50;4.8;7.2;0;0
1.06.1981;X-4456;30;3;210;29.1;0.9;26.6;774
1.06.1981;X-9005;20;18;60;16.4;3.6;29;476
1.06.1981;X-8665;24;2;210;23.6;0.4;21;495
1.06.1981;X-3394;13;9;140;11.8;1.2;23;272
1.06.1981;X-29;29;4;200;28;1;27;755
1.06.1981;X-10440;54;90;150;5.4;48.6;0;0
1.06.1981;X-9344;64;94;30;3.8;60.2;0;0
1.06.1981;X-9329;45;88;400;5.4;39.6;0;0
1.06.1981;X-7249;57;93;10;4;53;0;0
1.06.1981;X-3525;40;98;30;0.8;39.2;0;0
1.06.1981;X-3835;23;10;20;20.7;2.3;29;600
1.06.1981;X-3572;16;3;60;15.6;0.4;0;0
1.06.1981;X-1111;28;3;180;27;1;29;784
1.06.1981;X-9958;45;14;170;38.6;6.4;22;849
1.06.1981;X-5995;28;7;110;26;2;29;754
1.06.1981;X-1872;110;97;70;3.3;106.7;0;0
1.06.1981;X-6772;21;11;170;18.7;2.3;24.6;460
1.06.1981;X-5789;120;95;90;6;114;0;0
1.06.1981;X-6623;14;12;90;12.3;1.7;29;356
1.06.1981;X-10939;63;92;40;5;58;0;0
1.06.1981;X-4338;7;71;20;2;5;0;0
1.06.1981;X-1643;29;92;80;2.3;26.7;0;0
1.06.1981;X-332;50;99;50;0.5;49.5;0;0
1.06.1981;X-4733;13;12;60;11.5;1.5;0;0
1.06.1981;X-4739;23;23;20;17.7;5.3;13;230
1.06.1981;X-8160;40;90;70;4;36;0;0
1.06.1981;X-9312;15;9;110;13.7;1.3;29;398
1.06.1981;X-5076;47;31;80;32.4;14.6;29;939
1.06.1981;X-4328;58;18;170;47.6;10.4;28.6;1359
1.06.1981;X-6826;12;94;30;0.7;11.3;0;0
1.06.1981;X-469;14;6;160;13.2;0.8;24.6;324
1.06.1981;X-4869;31;100;70;0;31;0;0
1.06.1981;X-307;21;17;80;17.4;3.6;29;503
1.06.1981;X-9617;15;6;30;14.2;0.8;29;410
1.06.1981;X-3819;24;92.375;60;1.8;22.2;21;39
1.06.1981;X-9242;20;66;30;6.8;13.2;0;0
1.06.1981;X-4604;30;87;60;3.9;26.1;0;0
1.06.1981;X-898;50;92;60;4;46;0;0
1.06.1981;X-3979;53;86;120;7.4;45.6;0;0
1.06.1981;X-7292;35;97;20;1.1;34;0;0
1.06.1981;X-4099;23;96;320;0.9;22.1;0;0
1.06.1981;X-128;22;49;80;11.1;10.9;29;323
1.06.1981;X-7587;22;91;40;2;20;0;0
1.06.1981;X-5751;67;94;30;4.4;62.6;25.6;111
1.06.1981;X-7725;20;50;20;10;10;0;0
1.06.1981;X-1222;21;90;10;2.1;18.9;0;0
1.06.1981;X-3416;35;98;70;0.7;34.3;0;0
1.06.1981;X-8647;33;99;200;0.3;32.7;0;0
1.06.1981;X-3431;77;99;250;0.8;76.2;0;0
1.06.1981;X-9749;25;10;80;22.6;2.5;29;654
1.06.1981;X-5069;47;12;140;41.6;5.4;29;1206
1.06.1981;X-2186;53;99;90;0.5;52.5;0;0
1.06.1981;X-4537;50;99;30;0.5;49.5;0;0
1.06.1981;X-8280;10;24;60;7.6;2.4;20.3;155
1.06.1981;X-5249;41;11;80;36.4;4.6;29;1054
1.06.1981;X-5857;43;95;30;2.2;40.9;20.3;44
1.06.1981;X-620;29;6;20;27.3;1.7;0;0
1.06.1981;X-1802;21;48;40;10.9;10.1;27;295
1.06.1981;X-8326;12;10;120;10.8;1.2;15.3;166
1.06.1981;X-6641;21;87;70;2.7;18.3;0;0
1.06.1981;X-7474;14;4;30;13.4;0.6;29;390
1.06.1981;X-4872;23;2;40;22.7;0.3;26.5;600
1.06.1981;X-5239;8;14;220;6.9;1.1;0;0
1.06.1981;X-4581;30;58;55;12.6;17.4;0;0
1.06.1981;X-7399;14;48;20;7.3;6.7;0;0
1.06.1981;X-5708;21;54;40;9.7;11.3;0;0
1.06.1981;X-6879;89;98;260;1.8;87.2;0;0
1.06.1981;X-9655;28;98;30;0.6;27.4;0;0
1.06.1981;X-3292;48;98;30;1;47;0;0
1.06.1981;X-6499;40;75;110;10.2;29.9;1.7;17
1.06.1981;X-9007;12;27;60;8.8;3.2;21.3;186
1.06.1981;X-3757;17;14;40;14.6;2.4;26.6;389
1.06.1981;X-7837;20;56;40;8.9;11.1;22.7;201
1.06.1981;X-97;14;6;40;13.1;0.9;29;380
1.06.1981;X-4932;28;98;20;0.6;27.4;0;0
1.06.1981;X-595;31;64;150;11.1;19.9;29;322
1.06.1981;X-3731;117;98;90;2.3;114.7;0;0
1.06.1981;X-286;19;74;10;4.9;14.1;0;0
1.06.1981;X-7468;92;95;20;4.6;87.4;0;0
1.06.1981;X-3873;36;97;20;1.1;34.9;0;0
1.06.1981;X-6178;91;95;10;4.6;86.5;0;0
1.06.1981;X-7140;86;95;15;4.6;81.4;0;0
1.06.1981;X-6420;99;96;20;4;95;0;0
1.06.1981;X-10467;22;3;160;21.4;0.6;29;619
1.06.1981;X-1971;19;5;20;18.1;0.9;21.7;392
1.06.1981;X-8217;11;38;100;6.9;4.1;8;55
1.06.1981;X-5842;10;13;620;8.8;1.3;8;70
1.06.1981;X-1924;75;98;70;1.5;73.5;0;0
1.06.1981;X-4873;70;95;150;3.5;66.5;3;11
1.06.1981;X-3848;18;18;210;14.9;3.2;29;431
1.06.1981;X-252;30;18;40;24.8;5.3;29;718
1.06.1981;X-8560;30;76;10;7.2;22.8;0;0
1.06.1981;X-7619;46;10;130;41.4;4.6;0;0
1.06.1981;X-4480;15;3;100;14.5;0.5;29;421
1.06.1981;X-3716;28;6;280;26.4;1.6;27;712
1.06.1981;X-5065;31;91;20;2.8;28.2;0;0
1.06.1981;X-7046;15;27;20;11;4.1;29;318
1.06.1981;X-9940;20;30;40;14;6;26;364
1.06.1981;X-8112;10;38;40;6.2;3.8;0;0
1.06.1981;X-4715;6;43;40;3.4;2.6;25;86
1.06.1981;X-4147;32;4;320;30.6;1.4;29;888
1.06.1981;X-2212;30;5;60;28.5;1.5;29;827
1.06.1981;X-4241;16;12;60;14.1;1.9;29;408
1.06.1981;X-1751;32;86;30;4.5;27.5;0;0
1.06.1981;X-10537;18;11;240;16;2;29;464
1.06.1981;X-8985;28;88;20;3.4;24.6;0;0
1.06.1981;X-5364;31;78;60;6.8;24.2;0;0
1.06.1981;X-2601;14;53;60;6.6;7.4;13.7;90
1.06.1981;X-7534;17;66;10;5.8;11.2;0;0
1.06.1981;X-2565;60;98;80;1.2;58.8;0;0
1.06.1981;X-10877;20;66;40;6.8;13.2;0;0
1.06.1981;X-6421;52;99;30;0.5;51.5;0;0
1.06.1981;X-4424;45;82;120;8.1;36.9;0;0
1.06.1981;X-7263;43;3;90;41.9;1.1;29;1216
1.06.1981;X-787;32;32;280;21.7;10.3;29;628
1.06.1981;X-3896;21;3;150;20.3;0.7;29;588
1.06.1981;X-4693;89;99;110;0.9;88.1;0;0
1.06.1981;X-715;50;100;30;0;50;0;0
1.06.1981;X-581;21;96;20;0.8;20.2;0;0
1.06.1981;X-3862;19;5;180;18;1;29;522
1.06.1981;X-7221;17;13;70;14.8;2.2;29;431
1.06.1981;X-5628;19;90;40;1.9;17.1;0;0
1.06.1981;X-2649;13;65;20;4.5;8.5;9.7;44
1.06.1981;X-2319;23;99;100;0.2;22.8;0;0
1.06.1981;X-3500;26;100;240;0;26;0;0
1.06.1981;X-5545;22;96;70;0.9;21.1;0;0
1.06.1981;X-7983;63;87;30;8.3;54.7;29;241
1.06.1981;X-2653;59;91;30;5.3;53.7;0;0
1.06.1981;X-3811;56;84;50;8.8;47.2;20;176
1.06.1981;X-10937;13;8;20;12;1;23.6;283
1.06.1981;X-7127;17;2;40;16.6;0.4;29;482
1.06.1981;X-8237;79;94;100;4.7;74.3;0;0
1.06.1981;X-10953;26;15;20;22.2;3.8;1.3;30
1.06.1981;X-396;23;3;300;22.2;0.8;29;645
1.06.1981;X-520;21;8;240;19.3;1.7;18.7;360
1.06.1981;X-6133;37;15;40;31.4;5.6;29;910
1.06.1981;X-8421;13;8;60;12;1;27;323
1.06.1981;X-7129;22;92;50;1.8;20.2;29;51
1.06.1981;X-9983;23;9;20;20.9;2.1;29;607
1.06.1981;X-4190;34;24;350;25.7;8.3;29;747
1.06.1981;X-2392;17;8;20;15.6;1.4;21.6;338
1.06.1981;X-7111;20;2;40;19.6;0.4;29;568
1.06.1981;X-7229;14;17;340;11.6;2.4;24;279
1.06.1981;X-1987;28;2;20;27.6;0.4;29;799
1.06.1981;X-3795;106;99;50;1.1;104.9;0;0
1.06.1981;X-7720;31;32;110;21.2;9.8;25;531
1.06.1981;X-2426;85;95;120;4.3;80.8;0;0
1.06.1981;X-7839;48;98;50;1;47;0;0
1.06.1981;X-5518;90;87;100;12.1;77.9;25;301
1.06.1981;X-8545;40;87;40;5.1;34.9;29;148
1.06.1981;X-4032;21;90;40;2.1;18.9;0;0
1.06.1981;X-9386;10;2;30;9.8;0.2;29;285
1.06.1981;X-4896;18;3;200;17.4;0.6;24;418
1.06.1981;X-9029;21;3;10;20.4;0.6;29;591
1.06.1981;X-3003;120;98;150;2.4;117.6;0;0
1.06.1981;X-1878;33;100;70;0;33;10;0
1.06.1981;X-3983;22;96;30;0.9;21.1;0;0
1.06.1981;X-2826;37;48;260;19.4;17.6;26.3;510
1.06.1981;X-7146;23;100;50;0;23;2.3;0
1.06.1981;X-4121;27;10;70;24.4;2.6;29;707
1.06.1981;X-9030;34;94;90;2;32;0;0
1.06.1981;X-1056;15;3;30;14.5;0.5;29;421
1.06.1981;X-2844;36;21;50;28.4;7.6;29;823
1.06.1981;X-9516;83;97;60;2.5;80.5;0;0
1.06.1981;X-1862;114;94;120;6.8;107.2;0;0
1.06.1981;X-1683;10;3;60;9.7;0.3;29;281
1.06.1981;X-9009;10;32;40;6.8;3.2;0;0
1.06.1981;X-2502;16;15;60;13.7;2.3;29;396
1.06.1981;X-8290;29;5;50;27.5;1.5;20;550
1.06.1981;X-1188;19;56;30;8.3;10.7;28;233
1.06.1981;X-8000;11;19;30;8.9;2.1;0;0
1.06.1981;X-6999;9;23;30;7;2;28;195
1.06.1981;X-4344;39;13;130;34;5;19;646
1.06.1981;X-727;10;23;40;7.7;2.3;0;0
1.06.1981;X-968;16;1;40;15.8;0.2;25;395
1.06.1981;X-5117;20;2;20;19.6;0.4;24;470
1.06.1981;X-9370;27;11;230;23.9;3.1;29;694
1.06.1981;X-391;25;3;100;24.3;0.7;29;704
1.06.1981;X-2351;10;1;340;9.9;0.1;0;0
1.06.1981;X-1419;81;93;50;5.7;75.3;0;0
1.06.1981;X-3254;9;79;210;1.9;7.1;27;51
1.06.1981;X-3978;12;95;40;0.6;11.4;0;0
1.06.1981;X-6933;21;14;60;18.1;2.9;29;525
1.06.1981;X-7930;44;2;50;43.2;0.8;28;1211
1.06.1981;X-7860;37;1;40;36.5;0.5;27;986
1.06.1981;X-6459;11;22;40;8.6;2.4;18.3;157
1.06.1981;X-3934;25;95;60;1.3;23.8;0;0
1.06.1981;X-8073;23;86;250;3.2;19.8;19.7;63
1.06.1981;X-6649;19;9;20;17.3;1.7;26;450
1.06.1981;X-6732;20;18;60;16.5;3.5;29;479
1.06.1981;X-8284;12;18;120;9.9;2.1;29;286
1.06.1981;X-3318;51;61;40;20.1;30.9;28.6;574
1.06.1981;X-10272;25;9;40;22.8;2.2;29;661
1.06.1981;X-6212;117;92;210;9.4;107.6;0;0
1.06.1981;X-2825;121;94;40;7.3;113.7;0;0
1.06.1981;X-3679;54;97;20;1.6;52.4;0;0
1.06.1981;X-3884;15;2;40;14.7;0.3;27;398
1.06.1981;X-10382;15;2;40;14.8;0.2;29;428
1.06.1981;X-4122;13;22;20;10.1;2.9;26;262
1.06.1981;X-483;15;48;140;7.9;7.1;10.3;81
1.06.1981;X-7879;11;1;10;10.9;0.1;22;240
1.06.1981;X-4602;13;3;10;12.6;0.4;26;329
1.06.1981;X-6755;50;3;30;48.6;1.4;28;1361
1.06.1981;X-3962;27;9;80;24.5;2.5;20.7;506
1.06.1981;X-528;34;95;50;1.7;32.3;0;0
1.06.1981;X-6464;50;88;20;6;44;0;0
1.06.1981;X-9802;15;3;110;14.5;0.5;29;422
1.06.1981;X-5256;39;59;70;16;23;23.6;377
1.06.1981;X-2692;13;49;80;6.6;6.4;12;79
1.06.1981;X-3202;15;16;70;12.6;2.4;29;365
1.06.1981;X-1491;41;4;130;39.4;1.6;25;986
1.06.1981;X-8488;29;2;70;28.5;0.5;29;827
1.06.1981;X-8831;10;22;40;7.8;2.2;29;226
1.06.1981;X-9505;40;85;70;6;34;0;0
1.06.1981;X-5308;56;69;100;17.3;38.7;12;207
1.06.1981;X-9142;24;3;20;23.2;0.8;29;673
1.06.1981;X-6713;18;2;20;17.6;0.4;29;510
1.06.1981;X-2255;15;3;30;14.6;0.4;28.6;417
1.06.1981;X-7398;20;15;100;16.9;3.1;2.3;39
1.06.1981;X-7103;19;21;40;15.1;3.9;29;438
1.06.1981;X-4560;33;10;160;29.6;3.4;24;711
1.06.1981;X-3980;13;30;40;9.2;3.8;18.7;171
1.06.1981;X-696;22;7;80;20.5;1.5;23;471
1.06.1981;X-5227;10;16;20;8.5;1.6;29;245
1.06.1981;X-3204;34;11;50;30.3;3.7;23;698
1.06.1981;X-4755;29;42;240;16.8;12.2;28;469
1.06.1981;X-1665;20;58;30;8.4;11.6;29;244
1.06.1981;X-9149;41;16;60;34.3;6.7;29;994
1.06.1981;X-9977;12;20;40;9.6;2.4;26.3;253
1.06.1981;X-1136;34;19;320;27.5;6.5;26;715
1.06.1981;X-5109;27;34;300;17.7;9.3;23.6;417
1.06.1981;X-2753;66;14;55;56.8;9.2;21.2;1203
1.06.1981;X A-4494;50;99;20;0.5;49.5;0;0
1.05.1981;X-955;15;2;40;14.7;0.3;28.6;420
1.05.1981;X-4308;119;98;30;2.4;116.6;0;0
1.05.1981;X-7454;38;3;50;36.9;1.1;26.6;980
1.05.1981;X-8919;21;17;120;17.4;3.6;18;314
1.05.1981;X-7070;13;22;30;10.1;2.9;31;314
1.05.1981;X-1993;89;83;420;15.1;73.9;13.7;207
1.05.1981;X-9412;96;96;240;3.8;92.2;0;0
1.05.1981;X-790;19;2;30;18.6;0.4;31;577
1.05.1981;X-263;46;81;110;8.7;37.3;31;271
1.05.1981;X-10971;89;91;200;8;81;0;0
1.05.1981;X-3527;41;3;20;39.8;1.2;29.3;1166
1.05.1981;X-3824;23;66;10;7.8;15.2;24;188
1.05.1981;X-8003;37;2;180;36.3;0.7;29;1051
1.05.1981;X-2684;22;90;170;2.2;19.8;0;0
1.05.1981;X-10130;51;85;40;7.7;43.4;24.3;186
1.05.1981;X-4196;56;76;150;13.4;42.6;31;417
1.05.1981;X-8272;73;83;260;12.4;60.6;0;0
1.05.1981;X-1898;33;16;250;27.7;5.3;0;0
1.05.1981;X-4065;39;12;810;34.3;4.7;31;1064
1.05.1981;X-3467;100;93;310;7;93;0;0
1.05.1981;X-8029;105;96;10;4.2;100.8;0;0
1.05.1981;X-7894;10;11;240;8.9;1.1;0;0
1.05.1981;X-6112;23;13;390;20;3;31;620
1.05.1981;X-2519;20;12;30;17.6;2.4;29.3;516
1.05.1981;X-8556;12;31;50;8.3;3.7;6.7;55
1.05.1981;X-4456;30;4;210;28.8;1.2;29;835
1.05.1981;X-9005;20;16;60;16.8;3.2;31;521
1.05.1981;X-8665;24;3;210;23.3;0.7;23.7;551
1.05.1981;X-3394;13;5;140;12.4;0.7;24.3;300
1.05.1981;X-29;29;3;200;28.1;0.9;27.3;769
1.05.1981;X-10440;54;90;150;5.4;48.6;0;0
1.05.1981;X-9344;64;94;30;3.8;60.2;0;0
1.05.1981;X-9329;45;88;400;5.4;39.6;0;0
1.05.1981;X-7249;57;93;10;4;53;0;0
1.05.1981;X-3525;40;98;30;0.8;39.2;0;0
1.05.1981;X-3835;23;10;20;20.7;2.3;31;641
1.05.1981;X-3572;16;16;60;13.4;2.6;2.3;31
1.05.1981;X-1111;24;11;60;21.4;2.6;7.7;164
1.05.1981;X-9958;45;16;170;37.8;7.2;31;1171
1.05.1981;X-5995;28;13;110;24.4;3.6;31;755
1.05.1981;X-1872;110;97;70;3.3;106.7;0;0
1.05.1981;X-6772;21;16;170;17.6;3.4;17;300
1.05.1981;X-5789;120;95;90;6;114;0;0
1.05.1981;X-6623;31;12;130;27.3;3.7;31;845
1.05.1981;X-10939;63;92;40;5;58;0;0
1.05.1981;X-4338;7;71;20;2;5;0;0
1.05.1981;X-1643;29;92;80;2.3;26.7;0;0
1.05.1981;X-332;50;99;50;0.5;49.5;0;0
1.05.1981;X-4733;13;15;60;11.1;2;17.9;198
1.05.1981;X-4739;23;20;20;18.4;4.6;27.9;514
1.05.1981;X-8160;40;90;70;4;36;0;0
1.05.1981;X-9312;30;8;70;27.6;2.4;31;855
1.05.1981;X-5076;47;27;80;34.3;12.7;31;1063
1.05.1981;X-4328;54;19;200;43.7;10.3;31;1356
1.05.1981;X-6826;12;94;30;0.7;11.3;0;0
1.05.1981;X-469;14;7;160;13;1;29;377
1.05.1981;X-4869;31;100;70;0;31;0;0
1.05.1981;X-307;23;6;100;21.6;1.4;27.3;591
1.05.1981;X-9617;15;4;30;14.4;0.6;31;446
1.05.1981;X-3819;24;90;60;2.4;21.6;9;22
1.05.1981;X-9242;20;66;30;6.8;13.2;0;0
1.05.1981;X-4604;30;87;60;3.9;26.1;0;0
1.05.1981;X-898;50;92;60;4;46;0;0
1.05.1981;X-3979;53;86;120;7.4;45.6;0;0
1.05.1981;X-7292;35;97;20;1.1;34;0;0
1.05.1981;X-4099;23;96;320;0.9;22.1;0;0
1.05.1981;X-128;22;16;80;18.5;3.5;31;573
1.05.1981;X-7587;22;91;40;2;20;0;0
1.05.1981;X-5751;67;85;30;10.1;57;20.3;204
1.05.1981;X-7725;20;50;20;10;10;0;0
1.05.1981;X-1222;21;90;10;2.1;18.9;0;0
1.05.1981;X-3416;35;98;70;0.7;34.3;0;0
1.05.1981;X-8647;33;99;200;0.3;32.7;0;0
1.05.1981;X-3431;77;99;250;0.8;76.2;0;0
1.05.1981;X-9749;23;10;80;20.7;2.3;31;641
1.05.1981;X-5069;51;11;140;45.4;5.6;31;1407
1.05.1981;X-2186;53;99;90;0.5;52.5;0;0
1.05.1981;X-4537;50;99;30;0.5;49.5;0;0
1.05.1981;X-8280;24;23;80;18.5;5.5;30.6;565
1.05.1981;X-5249;37;11;80;32.9;4.1;31;1021
1.05.1981;X-5857;29;26;200;21.5;7.5;0;0
1.05.1981;X-620;29;6;20;27.3;1.7;0;0
1.05.1981;X-1802;21;32;40;14.3;6.7;22;314
1.05.1981;X-8326;12;10;120;10.8;1.2;30;324
1.05.1981;X-6641;21;87;70;2.7;18.3;0;0
1.05.1981;X-7474;14;5;30;13.3;0.7;31;412
1.05.1981;X-4872;23;1;40;22.8;0.2;15.7;357
1.05.1981;X-5239;8;14;220;6.9;1.1;8.3;57
1.05.1981;X-4581;30;58;55;12.6;17.4;0;0
1.05.1981;X-7399;14;48;20;7.3;6.7;0;0
1.05.1981;X-5708;21;54;40;9.7;11.3;0;0
1.05.1981;X-6879;89;98;260;1.8;87.2;0;0
1.05.1981;X-9655;28;98;30;0.6;27.4;0;0
1.05.1981;X-3292;48;98;30;1;47;0;0
1.05.1981;X-6499;40;89;110;4.4;35.6;0.3;1
1.05.1981;X-9007;12;5;60;11.4;0.6;2.3;27
1.05.1981;X-3757;17;15;40;14.5;2.6;26.7;385
1.05.1981;X-7837;49;42;35;28.4;20.6;17.2;490
1.05.1981;X-97;19;4;40;18.2;0.8;29.9;546
1.05.1981;X-4932;28;98;20;0.6;27.4;0;0
1.05.1981;X-595;31;66;150;10.5;20.5;27;284
1.05.1981;X-3731;117;98;90;2.3;114.7;0;0
1.05.1981;X-286;19;74;10;4.9;14.1;0;0
1.05.1981;X-7468;92;95;20;4.6;87.4;0;0
1.05.1981;X-3873;36;97;20;1.1;34.9;0;0
1.05.1981;X-6178;91;95;10;4.6;86.5;0;0
1.05.1981;X-7140;86;94;15;5.2;80.8;14.9;77
1.05.1981;X-6420;99;96;20;4;95;0;0
1.05.1981;X-10467;20;3;160;19.4;0.6;31;601
1.05.1981;X-1971;19;4;20;18.2;0.8;27.3;498
1.05.1981;X-8217;11;13;100;9.6;1.4;22.3;214
1.05.1981;X-5842;10;10;620;9;1;6;54
1.05.1981;X-1924;75;98;70;1.5;73.5;0;0
1.05.1981;X-4873;70;98;150;1.4;68.6;0;0
1.05.1981;X-3848;18;16;210;15.1;2.9;31;469
1.05.1981;X-252;30;18;40;24.6;5.4;24.3;598
1.05.1981;X-8560;30;76;10;7.2;22.8;0;0
1.05.1981;X-7619;46;12;130;40.5;5.5;7.3;297
1.05.1981;X-4480;15;3;100;14.6;0.5;31;451
1.05.1981;X-3716;28;5;280;26.6;1.4;21.9;583
1.05.1981;X-5065;31;91;20;2.8;28.2;0;0
1.05.1981;X-7046;11;3;50;10.7;0.3;27.3;292
1.05.1981;X-9940;26;26;40;19.2;6.8;23.7;455
1.05.1981;X-8112;10;38;40;6.2;3.8;0;0
1.05.1981;X-4715;6;28;40;4.3;1.7;28.7;124
1.05.1981;X-4147;32;7;320;29.8;2.2;29;863
1.05.1981;X-2212;30;6;60;28.2;1.8;31;874
1.05.1981;X-4241;16;10;60;14.4;1.6;28.3;408
1.05.1981;X-1751;32;86;30;4.5;27.5;0;0
1.05.1981;X-10537;18;8;240;16.6;1.4;31;513
1.05.1981;X-8985;28;88;20;3.4;24.6;0;0
1.05.1981;X-5364;31;78;60;6.8;24.2;0;0
1.05.1981;X-2601;25;41;20;14.8;10.3;0;0
1.05.1981;X-7534;17;66;10;5.8;11.2;0;0
1.05.1981;X-2565;60;98;80;1.2;58.8;0;0
1.05.1981;X-10877;20;66;40;6.8;13.2;0;0
1.05.1981;X-6421;52;99;30;0.5;51.5;0;0
1.05.1981;X-4424;45;82;120;8.1;36.9;0;0
1.05.1981;X-7263;43;2;90;42.1;0.9;31;1306
1.05.1981;X-787;44;37;280;27.7;16.3;22.3;619
1.05.1981;X-3896;43;4;160;41.3;1.7;30.6;1262
1.05.1981;X-4693;89;99;110;0.9;88.1;0;0
1.05.1981;X-715;50;100;30;0;50;0;0
1.05.1981;X-581;21;96;20;0.8;20.2;0;0
1.05.1981;X-3862;12;6;210;11.3;0.7;31;350
1.05.1981;X-7221;17;16;70;14.3;2.7;29.9;427
1.05.1981;X-5628;19;90;40;1.9;17.1;0;0
1.05.1981;X-2649;13;61;20;5.1;7.9;0;0
1.05.1981;X-2319;23;99;100;0.2;22.8;0;0
1.05.1981;X-3500;26;100;240;0;26;0;0
1.05.1981;X-5545;22;64;70;7.9;14.1;0;0
1.05.1981;X-7983;71;86;70;9.9;61.1;23.7;235
1.05.1981;X-2653;59;91;30;5.3;53.7;0;0
1.05.1981;X-3811;55;84;30;8.8;46.2;25;220
1.05.1981;X-10937;13;9;20;11.8;1.2;31;367
1.05.1981;X-7127;19;2;40;18.6;0.4;25.3;471
1.05.1981;X-8237;79;94;100;4.7;74.3;0;0
1.05.1981;X-10953;36;9;20;32.8;3.2;24.9;816
1.05.1981;X-396;23;4;300;22.1;0.9;31;684
1.05.1981;X-520;21;10;240;18.9;2.1;29.9;565
1.05.1981;X-6133;37;58;40;15.5;21.5;31;482
1.05.1981;X-8421;16;7;90;14.9;1.1;29;431
1.05.1981;X-7129;22;70;50;6.6;15.4;31;205
1.05.1981;X-9983;23;6;20;21.6;1.4;31;670
1.05.1981;X-4190;34;19;350;27.5;6.5;31;853
1.05.1981;X-2392;17;7;20;15.8;1.2;23.7;374
1.05.1981;X-7111;20;2;40;19.6;0.4;31;607
1.05.1981;X-7229;14;8;340;12.9;1.1;31;399
1.05.1981;X-1987;28;1;20;27.7;0.3;31;859
1.05.1981;X-3795;106;99;50;1.1;104.9;0;0
1.05.1981;X-7720;13;43;110;7.4;5.6;2;15
1.05.1981;X-2426;85;95;120;4.3;80.8;0;0
1.05.1981;X-7839;48;98;50;1;47;0;0
1.05.1981;X-5518;38;83;100;6.5;31.5;28.9;187
1.05.1981;X-8545;40;85;40;6;34;31;186
1.05.1981;X-4032;21;90;40;2.1;18.9;0;0
1.05.1981;X-9386;10;2;30;9.8;0.2;31;304
1.05.1981;X-4896;18;4;200;17.3;0.7;30.6;528
1.05.1981;X-9029;19;3;40;18.4;0.6;31;571
1.05.1981;X-3003;120;98;150;2.4;117.6;0;0
1.05.1981;X-1878;33;96;70;1.3;31.7;6.3;8
1.05.1981;X-3983;22;96;30;0.9;21.1;0;0
1.05.1981;X-2826;31;32;210;21.1;9.9;31;653
1.05.1981;X-7146;23;63;50;8.5;14.5;0;0
1.05.1981;X-4121;27;9;70;24.6;2.4;23.9;587
1.05.1981;X-9030;34;94;90;2;32;0;0
1.05.1981;X-1056;15;2;30;14.7;0.3;31;456
1.05.1981;X-2844;30;25;80;22.5;7.5;7.3;165
1.05.1981;X-9516;83;97;60;2.5;80.5;0;0
1.05.1981;X-1862;114;94;120;6.8;107.2;0;0
1.05.1981;X-1683;13;3;50;12.6;0.4;31;391
1.05.1981;X-9009;10;32;40;6.8;3.2;0;0
1.05.1981;X-2502;13;12;50;11.4;1.6;31;355
1.05.1981;X-8290;36;8;60;33.1;2.9;31;1026
1.05.1981;X-1188;19;67;30;6.3;12.7;18;113
1.05.1981;X-8000;11;19;30;8.9;2.1;0;0
1.05.1981;X-6999;16;15;40;13.6;2.4;0;0
1.05.1981;X-4344;39;11;130;34.7;4.3;26.3;914
1.05.1981;X-727;10;23;40;7.7;2.3;0;0
1.05.1981;X-968;54;1;140;53.5;0.5;31;1657
1.05.1981;X-5117;37;2;60;36.3;0.7;31;1124
1.05.1981;X-9370;27;13;230;23.5;3.5;31;728
1.05.1981;X-391;29;3;20;28.1;0.9;31;872
1.05.1981;X-2351;10;1;340;9.9;0.1;0;0
1.05.1981;X-1419;81;93;50;5.7;75.3;0;0
1.05.1981;X-3254;9;63;210;3.3;5.7;31;103
1.05.1981;X-3978;12;95;40;0.6;11.4;0;0
1.05.1981;X-6933;20;3;50;19.4;0.6;31;601
1.05.1981;X-7930;44;2;50;43.1;0.9;31;1336
1.05.1981;X-7860;37;13;40;32.2;4.8;31;998
1.05.1981;X-6459;9;16;50;7.6;1.4;29.3;222
1.05.1981;X-3934;25;95;60;1.3;23.8;0;0
1.05.1981;X-8073;18;23;240;13.9;4.1;21.3;295
1.05.1981;X-6649;19;36;20;12.2;6.8;19;231
1.05.1981;X-6732;20;17;60;16.6;3.4;31;514
1.05.1981;X-8284;18;11;120;16;2;30.6;490
1.05.1981;X-3318;101;90;40;10.1;90.9;26.6;269
1.05.1981;X-10272;25;7;40;23.3;1.8;28.6;664
1.05.1981;X-6212;117;92;210;9.4;107.6;0;0
1.05.1981;X-2825;121;94;40;7.3;113.7;0;0
1.05.1981;X-3679;54;97;20;1.6;52.4;0;0
1.05.1981;X-3884;15;2;40;14.7;0.3;31;456
1.05.1981;X-10382;15;1;40;14.9;0.2;29;431
1.05.1981;X-4122;12;20;20;9.6;2.4;8.3;80
1.05.1981;X-483;15;10;140;13.5;1.5;11.6;156
1.05.1981;X-7879;7;1;10;6.9;0.1;30.6;212
1.05.1981;X-4602;13;3;10;12.6;0.4;30.2;380
1.05.1981;X-6755;50;3;30;48.5;1.5;29;1406
1.05.1981;X-3962;27;3;80;26.2;0.8;28.5;746
1.05.1981;X-528;34;95;50;1.7;32.3;0;0
1.05.1981;X-6464;50;88;20;6;44;0;0
1.05.1981;X-9802;15;2;110;14.7;0.3;31;456
1.05.1981;X-5256;37;59;50;15.2;21.8;0;0
1.05.1981;X-2692;13;54;80;6;7;0;0
1.05.1981;X-3202;15;15;70;12.8;2.3;29;370
1.05.1981;X-1491;33;8;130;30.4;2.6;27.3;829
1.05.1981;X-8488;29;2;60;28.4;0.6;31;881
1.05.1981;X-8831;17;21;40;13.4;3.6;31;416
1.05.1981;X-9505;40;85;70;6;34;0;0
1.05.1981;X-5308;56;90;100;5.6;50.4;7.7;43
1.05.1981;X-9142;14;2;45;13.7;0.3;31;425
1.05.1981;X-6713;18;2;20;17.6;0.4;29.5;520
1.05.1981;X-2255;15;1;30;14.9;0.2;31;460
1.05.1981;X-7398;20;8;100;18.4;1.6;31;570
1.05.1981;X-7103;19;17;40;15.8;3.2;29.6;466
1.05.1981;X-4560;33;16;160;27.7;5.3;21;582
1.05.1981;X-3980;13;51;40;6.4;6.6;15.7;100
1.05.1981;X-696;22;8;80;20.2;1.8;27.3;553
1.05.1981;X-5227;10;12;20;8.8;1.2;16.5;145
1.05.1981;X-3204;34;12;50;29.9;4.1;27.3;818
1.05.1981;X-4755;29;20;240;23.2;5.8;9.3;216
1.05.1981;X-1665;35;3;550;34;1.1;29.3;995
1.05.1981;X-9149;41;14;60;35.3;5.7;28;987
1.05.1981;X-9977;12;20;40;9.6;2.4;28.3;272
1.05.1981;X-1136;22;11;210;19.6;2.4;26;509
1.05.1981;X-5109;27;64;300;9.7;17.3;24.3;236
1.05.1981;X-2753;;;;0;0;0;0
1.05.1981;X A-4494;50;99;20;0.5;49.5;0;0
1.04.1981;X-955;15;2;40;14.7;0.3;23.3;341.8
1.04.1981;X-7454;38;3;50;36.9;1.1;28.1;1035
1.04.1981;X-8919;21;17;120;17.4;3.6;17.3;302.1
1.04.1981;X-7070;13;22;30;10.1;2.9;31;314.3
1.04.1981;X-1993;87;70;420;26.1;60.9;14.3;374
1.04.1981;X-790;19;2;30;18.6;0.4;31;577.2
1.04.1981;X-263;65;83;110;11.1;54;31;342.6
1.04.1981;X-3527;34;3;15;33;1;20.3;670.5
1.04.1981;X-3824;16;62;50;6.1;9.9;19.3;117.5
1.04.1981;X-8003;28;2;180;27.4;0.6;27;740.9
1.04.1981;X-10130;51;85;40;7.7;43.4;21.3;163.2
1.04.1981;X-4196;56;76;150;13.4;42.6;18;241.9
1.04.1981;X-1898;33;16;250;27.7;5.3;1.3;36.9
1.04.1981;X-4065;31;13;810;27;4;31;836.1
1.04.1981;X-7894;10;11;240;8.9;1.1;14;124.6
1.04.1981;X-6112;12;13;40;10.4;1.6;31;323.6
1.04.1981;X-2519;19;15;30;16.2;2.9;31;500.7
1.04.1981;X-8556;12;31;50;8.3;3.7;26.7;220.7
1.04.1981;X-4456;30;4;210;28.8;1.2;24.7;710.2
1.04.1981;X-9005;20;16;60;16.8;3.2;31;520.8
1.04.1981;X-8665;24;3;210;23.3;0.7;23.3;543.1
1.04.1981;X-3394;32;5;50;30.4;1.6;29.3;891.6
1.04.1981;X-29;29;3;200;28.1;0.9;31;872
1.04.1981;X-3835;32;4;90;30.7;1.3;31;952.3
1.04.1981;X-3572;16;16;60;13.4;2.6;28.3;380.8
1.04.1981;X-1111;24;11;60;21.4;2.6;29;619.4
1.04.1981;X-9958;40;34;120;26.4;13.6;30.4;801.8
1.04.1981;X-5995;34;18;30;27.9;6.1;31;864.3
1.04.1981;X-6772;21;16;170;17.6;3.4;20.3;358.6
1.04.1981;X-6623;29;7;130;27;2;31;836.1
1.04.1981;X-4733;13;15;60;11.1;2;31;342.6
1.04.1981;X-4739;18;17;20;14.9;3.1;30.6;456.9
1.04.1981;X-9312;26;8;70;23.9;2.1;31;741.5
1.04.1981;X-5076;46;35;80;29.9;16.1;31;926.9
1.04.1981;X-4328;52;18;160;42.6;9.4;31;1321.8
1.04.1981;X-469;21;3;120;20.4;0.6;31;631.5
1.04.1981;X-307;23;6;100;21.6;1.4;1.3;28.8
1.04.1981;X-9617;15;4;30;14.4;0.6;19;273.6
1.04.1981;X-3819;29;83;60;4.9;24.1;28.3;139.7
1.04.1981;X-128;22;16;80;18.5;3.5;31;572.9
1.04.1981;X-5751;67;85;30;10.1;57;16.3;164.1
1.04.1981;X-9749;26;12;70;22.9;3.1;31;709.3
1.04.1981;X-5069;45;10;130;40.5;4.5;31;1255.5
1.04.1981;X-8280;25;41;30;14.8;10.3;29;427.8
1.04.1981;X-5249;40;12;80;35.2;4.8;31;1091.2
1.04.1981;X-1802;24;11;40;21.4;2.6;21;448.6
1.04.1981;X-8326;12;10;120;10.8;1.2;12;129.6
1.04.1981;X-7474;14;5;30;13.3;0.7;31;412.3
1.04.1981;X-4872;37;1;40;36.6;0.4;12;439.6
1.04.1981;X-5239;8;14;220;6.9;1.1;1;6.9
1.04.1981;X-6499;40;89;110;4.4;35.6;21.9;96.4
1.04.1981;X-9007;12;5;60;11.4;0.6;4.3;49.4
1.04.1981;X-3757;21;29;70;14.9;6.1;20.4;304.2
1.04.1981;X-7837;49;51;35;24;25;14;336.1
1.04.1981;X-97;17;5;40;16.2;0.9;30.6;493.9
1.04.1981;X-595;22;34;150;14.5;7.5;13.3;193.6
1.04.1981;X-7140;79;84;20;12.6;66.4;11.7;147.4
1.04.1981;X-10467;22;3;210;21.3;0.7;30.4;648.1
1.04.1981;X-1971;25;14;120;21.5;3.5;31;666.5
1.04.1981;X-8217;11;13;100;9.6;1.4;26.3;252
1.04.1981;X-5842;10;10;620;9;1;20.3;183
1.04.1981;X-3848;17;15;220;14.5;2.6;31;448
1.04.1981;X-252;42;16;40;35.3;6.7;24;846.7
1.04.1981;X-7619;46;12;130;40.5;5.5;25.7;1038.7
1.04.1981;X-4480;25;5;110;23.8;1.3;29.3;696.6
1.04.1981;X-3716;28;5;280;26.6;1.4;31;824.6
1.04.1981;X-7046;11;3;50;10.7;0.3;6.3;67.5
1.04.1981;X-9940;26;26;40;19.2;6.8;26;500.2
1.04.1981;X-4715;6;28;40;4.3;1.7;31;133.9
1.04.1981;X-4147;32;7;320;29.8;2.2;31;922.6
1.04.1981;X-2212;30;6;60;28.2;1.8;29.3;827.1
1.04.1981;X-4241;28;7;40;26;2;23.7;616.1
1.04.1981;X-10537;18;8;240;16.6;1.4;25.3;419.5
1.04.1981;X-7263;40;6;90;37.6;2.4;27;1015.2
1.04.1981;X-787;32;3;280;31;1;31;962.2
1.04.1981;X-3896;43;4;160;41.3;1.7;27.9;1152.1
1.04.1981;X-3862;12;6;210;11.3;0.7;31;349.7
1.04.1981;X-7221;17;16;70;14.3;2.7;31;442.7
1.04.1981;X-5545;22;64;70;7.9;14.1;31;245.5
1.04.1981;X-7983;48;49;80;24.5;23.5;22.3;546.6
1.04.1981;X-3811;33;79;30;6.9;26.1;29;201
1.04.1981;X-10937;13;9;20;11.8;1.2;26.3;311.5
1.04.1981;X-7127;19;2;40;18.6;0.4;23.3;434.4
1.04.1981;X-10953;21;23;15;16.2;4.8;26.7;431.1
1.04.1981;X-396;23;4;300;22.1;0.9;29;640.3
1.04.1981;X-520;15;5;220;14.3;0.8;26.9;382.9
1.04.1981;X-6133;33;16;40;27.7;5.3;31;859.3
1.04.1981;X-8421;19;20;70;15.2;3.8;28.3;430.6
1.04.1981;X-7129;32;78;50;7;25;31;218.2
1.04.1981;X-9983;23;6;20;21.6;1.4;31;670.2
1.04.1981;X-4190;34;19;350;27.5;6.5;30.9;850.2
1.04.1981;X-2392;17;7;20;15.8;1.2;24;379.4
1.04.1981;X-7111;34;2;60;33.3;0.7;29.3;977.3
1.04.1981;X-7229;14;8;340;12.9;1.1;15.3;197.5
1.04.1981;X-1987;28;1;20;27.7;0.3;31;859.3
1.04.1981;X-5518;20;78;60;4.4;15.6;26;114.6
1.04.1981;X-8545;49;92;30;3.9;45.1;30.9;121
1.04.1981;X-9386;30;2;80;29.4;0.6;28;823.2
1.04.1981;X-4896;17;5;140;16.2;0.9;23;372.1
1.04.1981;X-9029;18;3;40;17.5;0.5;31;541.3
1.04.1981;X-1878;33;96;70;1.3;31.7;7.3;9.7
1.04.1981;X-2826;45;13;200;39.2;5.9;19.7;771.6
1.04.1981;X-7146;23;63;50;8.5;14.5;1.3;11.3
1.04.1981;X-4121;15;14;190;12.9;2.1;31;399.9
1.04.1981;X-1056;15;2;30;14.7;0.3;23.3;343
1.04.1981;X-2844;30;25;80;22.5;7.5;31;697.5
1.04.1981;X-1683;20;5;50;19;1;26.3;500.3
1.04.1981;X-2502;36;35;85;23.4;12.6;31;725.4
1.04.1981;X-8290;36;8;60;33.1;2.9;31;1026.7
1.04.1981;X-1188;22;29;40;15.6;6.4;25.3;395.7
1.04.1981;X-6999;16;15;40;13.6;2.4;17;231.2
1.04.1981;X-4344;27;16;210;22.7;4.3;18.9;428.2
1.04.1981;X-968;54;1;140;53.5;0.5;31;1657.3
1.04.1981;X-5117;37;2;60;36.3;0.7;31;1124.1
1.04.1981;X-9370;33;14;250;28.4;4.6;31;879.8
1.04.1981;X-391;31;3;20;30.1;0.9;31;932.2
1.04.1981;X-3254;9;63;210;3.3;5.7;31;103.2
1.04.1981;X-6933;20;3;50;19.4;0.6;31;601.4
1.04.1981;X-7930;32;3;50;31;1;26.3;814.8
1.04.1981;X-7860;35;2;40;34.3;0.7;31;1063.3
1.04.1981;X-6459;9;16;50;7.6;1.4;30.3;229.3
1.04.1981;X-8073;18;23;240;13.9;4.1;18;249.5
1.04.1981;X-6649;19;36;20;12.2;6.8;31;377
1.04.1981;X-6732;45;19;50;36.5;8.6;31;1130
1.04.1981;X-8284;15;7;120;14;1.1;31;432.5
1.04.1981;X-3318;101;90;40;10.1;90.9;11.5;116.3
1.04.1981;X-10272;17;6;100;16;1;30.6;488.7
1.04.1981;X-3884;23;1;50;22.8;0.2;31;705.9
1.04.1981;X-10382;32;2;40;31.4;0.6;31;972.2
1.04.1981;X-4122;12;20;20;9.6;2.4;26.7;255.9
1.04.1981;X-483;15;10;140;13.5;1.5;29;391.5
1.04.1981;X-7879;7;1;10;6.9;0.1;22.4;155.2
1.04.1981;X-4602;13;3;10;12.6;0.4;5;63.1
1.04.1981;X-6755;24;3;30;23.3;0.7;29.3;682.8
1.04.1981;X-3962;27;3;80;26.2;0.8;29.4;770.2
1.04.1981;X-9802;18;2;180;17.6;0.4;31;546.8
1.04.1981;X-5256;37;59;50;15.2;21.8;0.3;5
1.04.1981;X-2692;13;54;80;6;7;17;101.7
1.04.1981;X-3202;32;24;170;24.3;7.7;29.3;713.3
1.04.1981;X-1491;33;8;130;30.4;2.6;25.7;780.6
1.04.1981;X-8488;29;2;60;28.4;0.6;28;795.8
1.04.1981;X-8831;17;21;40;13.4;3.6;31;416.3
1.04.1981;X-5308;56;90;100;5.6;50.4;8;44.8
1.04.1981;X-9142;14;2;45;13.7;0.3;20.7;283.5
1.04.1981;X-6713;18;2;20;17.6;0.4;26.9;474.7
1.04.1981;X-2255;15;1;30;14.9;0.2;28;415.8
1.04.1981;X-7398;20;8;100;18.4;1.6;26;478.4
1.04.1981;X-7103;24;9;370;21.8;2.2;24.7;538.6
1.04.1981;X-4560;33;16;160;27.7;5.3;28.9;800.6
1.04.1981;X-3980;13;48;10;6.8;6.2;10.6;71.7
1.04.1981;X-696;28;35;70;18.2;9.8;31;564.2
1.04.1981;X-5227;15;12;10;13.2;1.8;31;409.2
1.04.1981;X-3204;34;12;50;29.9;4.1;27.2;814.1
1.04.1981;X-4755;29;20;240;23.2;5.8;9.3;216.5
1.04.1981;X-1665;35;3;550;34;1.1;13.7;463.8
1.04.1981;X-9149;41;14;60;35.3;5.7;30.6;1078.3
1.04.1981;X-9977;25;13;60;21.8;3.3;31;674.3
1.04.1981;X-1136;44;12;160;38.7;5.3;29.3;1135.7
1.04.1981;X-5109;27;64;300;9.7;17.3;29.3;285.1
1.03.1981;X-955;15;2;40;14.7;0.3;30;441
1.03.1981;X-4308;119;98;30;2.4;116.6;0;0
1.03.1981;X-7454;38;3;50;36.9;1.1;16;589.8
1.03.1981;X-8919;21;17;120;17.4;3.6;30;522.9
1.03.1981;X-7070;12;22;30;9.4;2.6;30;280.8
1.03.1981;X-1993;87;70;420;26.1;60.9;30;783
1.03.1981;X-9412;96;96;240;3.8;92.2;0;0
1.03.1981;X-790;19;2;30;18.6;0.4;29;540
1.03.1981;X-263;54;85;20;8.1;45.9;30;243
1.03.1981;X-10971;89;91;200;8;81;0;0
1.03.1981;X-3527;32;10;140;28.8;3.2;21;604.8
1.03.1981;X-3824;16;62;50;6.1;9.9;28;170.2
1.03.1981;X-8003;18;2;180;17.6;0.4;30;529.2
1.03.1981;X-2684;22;90;170;2.2;19.8;0;0
1.03.1981;X-10130;54;85;10;8.1;45.9;12;97.2
1.03.1981;X-4196;41;64;150;14.8;26.2;11;162.4
1.03.1981;X-8272;73;83;260;12.4;60.6;0;0
1.03.1981;X-1898;33;16;250;27.7;5.3;25;693
1.03.1981;X-4065;38;12;730;33.4;4.6;29;969.8
1.03.1981;X-3467;100;93;310;7;93;0;0
1.03.1981;X-8029;105;96;10;4.2;100.8;0;0
1.03.1981;X-7894;10;11;240;8.9;1.1;23.6;210
1.03.1981;X-6112;12;13;40;10.4;1.6;30;313.2
1.03.1981;X-2519;19;15;30;16.2;2.9;30;484.5
1.03.1981;X-8556;12;21;50;9.5;2.5;30;284.4
1.03.1981;X-4456;30;4;210;28.8;1.2;25;720
1.03.1981;X-9005;14;15;60;11.9;2.1;30;357
1.03.1981;X-8665;24;3;210;23.3;0.7;30;698.4
1.03.1981;X-3394;32;5;50;30.4;1.6;30;912
1.03.1981;X-29;29;3;200;28.1;0.9;30;843.9
1.03.1981;X-10440;54;90;150;5.4;48.6;0;0
1.03.1981;X-9344;64;94;30;3.8;60.2;0;0
1.03.1981;X-9329;45;88;400;5.4;39.6;0;0
1.03.1981;X-7249;57;93;10;4;53;0;0
1.03.1981;X-3525;40;98;30;0.8;39.2;0;0
1.03.1981;X-3835;32;4;90;30.7;1.3;30;921.6
1.03.1981;X-3572;16;16;60;13.4;2.6;9;121
1.03.1981;X-1111;24;11;60;21.4;2.6;29;619.4
1.03.1981;X-9958;29;47;110;15.4;13.6;30;461.1
1.03.1981;X-5995;34;18;30;27.9;6.1;30;836.4
1.03.1981;X-1872;110;97;70;3.3;106.7;0;0
1.03.1981;X-6772;21;16;170;17.6;3.4;2;35.3
1.03.1981;X-5789;120;95;90;6;114;0;0
1.03.1981;X-6623;21;12;110;18.5;2.5;24;443.5
1.03.1981;X-10939;63;92;40;5;58;0;0
1.03.1981;X-4338;7;71;20;2;5;0;0
1.03.1981;X-1643;29;92;80;2.3;26.7;0;0
1.03.1981;X-332;50;99;50;0.5;49.5;0;0
1.03.1981;X-4733;15;20;40;12;3;30;360
1.03.1981;X-4739;18;8;20;16.6;1.4;30;496.8
1.03.1981;X-8160;40;90;70;4;36;0;0
1.03.1981;X-9312;29;5;120;27.6;1.5;27;743.9
1.03.1981;X-5076;43;11;50;38.3;4.7;24;918.5
1.03.1981;X-4328;64;18;190;52.5;11.5;30;1574.4
1.03.1981;X-6826;12;94;30;0.7;11.3;0;0
1.03.1981;X-469;21;3;120;20.4;0.6;15;305.6
1.03.1981;X-4869;31;100;70;0;31;0;0
1.03.1981;X-307;23;6;100;21.6;1.4;30;648.6
1.03.1981;X-9617;16;2;60;15.7;0.3;30;470.4
1.03.1981;X-3819;30;64;70;10.8;19.2;25;270
1.03.1981;X-9242;20;66;30;6.8;13.2;0;0
1.03.1981;X-4604;30;87;60;3.9;26.1;0;0
1.03.1981;X-898;50;92;60;4;46;0;0
1.03.1981;X-3979;53;86;120;7.4;45.6;0;0
1.03.1981;X-7292;35;97;20;1.1;34;0;0
1.03.1981;X-4099;23;96;320;0.9;22.1;0;0
1.03.1981;X-128;23;20;180;18.4;4.6;19;349.6
1.03.1981;X-7587;22;91;40;2;20;0;0
1.03.1981;X-5751;67;91;30;6;61;14;84.4
1.03.1981;X-7725;20;50;20;10;10;0;0
1.03.1981;X-1222;21;90;10;2.1;18.9;0;0
1.03.1981;X-3416;35;98;70;0.7;34.3;0;0
1.03.1981;X-8647;33;99;200;0.3;32.7;0;0
1.03.1981;X-3431;77;99;250;0.8;76.2;0;0
1.03.1981;X-9749;23;8;35;21.2;1.8;30;634.8
1.03.1981;X-5069;32;15;80;27.2;4.8;29;788.8
1.03.1981;X-2186;53;99;90;0.5;52.5;0;0
1.03.1981;X-4537;50;99;30;0.5;49.5;0;0
1.03.1981;X-8280;13;48;40;6.8;6.2;30;202.8
1.03.1981;X-5249;47;15;100;40;7.1;30;1198.5
1.03.1981;X-5857;29;26;200;21.5;7.5;0;0
1.03.1981;X-620;29;6;20;27.3;1.7;0;0
1.03.1981;X-1802;42;20;70;33.6;8.4;29;974.4
1.03.1981;X-8326;12;10;120;10.8;1.2;30;324
1.03.1981;X-5059;13;91;310;1.2;11.8;0;0
1.03.1981;X-6641;21;87;70;2.7;18.3;0;0
1.03.1981;X-7474;14;2;20;13.7;0.3;28;384.2
1.03.1981;X-4872;29;2;40;28.4;0.6;29;824.2
1.03.1981;X-5239;8;14;220;6.9;1.1;6.4;44
1.03.1981;X-4581;30;58;55;12.6;17.4;0;0
1.03.1981;X-7399;14;48;20;7.3;6.7;0;0
1.03.1981;X-5708;21;54;40;9.7;11.3;0;0
1.03.1981;X-6879;89;98;260;1.8;87.2;0;0
1.03.1981;X-9655;28;98;30;0.6;27.4;0;0
1.03.1981;X-3292;48;98;30;1;47;0;0
1.03.1981;X-6499;40;89;110;4.4;35.6;22;96.8
1.03.1981;X-9007;12;5;60;11.4;0.6;0;0
1.03.1981;X-3757;21;29;70;14.9;6.1;14.4;214.7
1.03.1981;X-7837;17;65;40;6;11.1;13;77.4
1.03.1981;X-97;11;10;40;9.9;1.1;30;297
1.03.1981;X-4932;28;98;20;0.6;27.4;0;0
1.03.1981;X-595;22;34;150;14.5;7.5;30;435.6
1.03.1981;X-3731;117;98;90;2.3;114.7;0;0
1.03.1981;X-286;19;74;10;4.9;14.1;0;0
1.03.1981;X-7468;92;95;20;4.6;87.4;0;0
1.03.1981;X-3873;36;97;20;1.1;34.9;0;0
1.03.1981;X-6178;91;95;10;4.6;86.5;0;0
1.03.1981;X-7140;98;74;100;25.5;72.5;2;51
1.03.1981;X-6420;99;96;20;4;95;0;0
1.03.1981;X-10467;24;2;60;23.5;0.5;30;705.6
1.03.1981;X-1971;25;14;120;21.5;3.5;30;645
1.03.1981;X-8217;11;13;100;9.6;1.4;30;287.1
1.03.1981;X-5842;10;10;620;9;1;13;117
1.03.1981;X-1924;75;98;70;1.5;73.5;0;0
1.03.1981;X-4873;70;98;150;1.4;68.6;0;0
1.03.1981;X-3848;17;15;220;14.5;2.6;30;433.5
1.03.1981;X-252;53;20;20;42.4;10.6;13;551.2
1.03.1981;X-8560;30;76;10;7.2;22.8;0;0
1.03.1981;X-7619;46;12;130;40.5;5.5;23;931
1.03.1981;X-4480;25;5;110;23.8;1.3;26;617.5
1.03.1981;X-3716;26;3;280;25.2;0.8;30;756.6
1.03.1981;X-5065;31;91;20;2.8;28.2;0;0
1.03.1981;X-7046;11;3;50;10.7;0.3;1.6;17.1
1.03.1981;X-9940;12;16;40;10.1;1.9;28;282.2
1.03.1981;X-8112;10;38;40;6.2;3.8;0;0
1.03.1981;X-4715;29;70;40;8.7;20.3;28;243.6
1.03.1981;X-4147;32;7;320;29.8;2.2;29;863
1.03.1981;X-2212;30;6;60;28.2;1.8;30;846
1.03.1981;X-4241;28;7;40;26;2;30;781.2
1.03.1981;X-1751;32;86;30;4.5;27.5;0;0
1.03.1981;X-10537;18;8;240;16.6;1.4;29;480.2
1.03.1981;X-8985;28;88;20;3.4;24.6;0;0
1.03.1981;X-5364;31;78;60;6.8;24.2;0;0
1.03.1981;X-2601;25;41;20;14.8;10.3;15;221.3
1.03.1981;X-7534;17;66;10;5.8;11.2;0;0
1.03.1981;X-2565;60;98;80;1.2;58.8;0;0
1.03.1981;X-10877;20;66;40;6.8;13.2;0;0
1.03.1981;X-6421;52;99;30;0.5;51.5;0;0
1.03.1981;X-4424;45;82;120;8.1;36.9;0;0
1.03.1981;X-7263;49;6;60;46.1;2.9;23;1059.4
1.03.1981;X-787;19;3;280;18.4;0.6;28;516
1.03.1981;X-3896;39;3;160;37.8;1.2;28;1059.2
1.03.1981;X-4693;89;99;110;0.9;88.1;0;0
1.03.1981;X-715;50;100;30;0;50;0;0
1.03.1981;X-581;21;96;20;0.8;20.2;0;0
1.03.1981;X-3862;12;6;210;11.3;0.7;30;338.4
1.03.1981;X-7221;17;16;70;14.3;2.7;30;428.4
1.03.1981;X-5628;19;90;40;1.9;17.1;0;0
1.03.1981;X-2649;13;61;20;5.1;7.9;0;0
1.03.1981;X-2319;23;99;100;0.2;22.8;0;0
1.03.1981;X-3500;26;100;240;0;26;0;0
1.03.1981;X-5545;22;64;70;7.9;14.1;30;237.6
1.03.1981;X-7983;48;49;80;24.5;23.5;30;734.4
1.03.1981;X-2653;59;91;30;5.3;53.7;0;0
1.03.1981;X-3811;29;58;60;12.2;16.8;30;365.4
1.03.1981;X-10937;20;13;20;17.4;2.6;30;522
1.03.1981;X-7127;19;2;40;18.6;0.4;30;558.6
1.03.1981;X-8237;79;94;100;4.7;74.3;0;0
1.03.1981;X-10953;43;17;130;35.7;7.3;19;678.1
1.03.1981;X-396;18;2;250;17.6;0.4;30;529.2
1.03.1981;X-520;15;5;220;14.3;0.8;29;413.3
1.03.1981;X-6133;36;15;90;30.6;5.4;28;856.8
1.03.1981;X-8421;19;20;70;15.2;3.8;30;456
1.03.1981;X-7129;23;50;50;11.5;11.5;30;345
1.03.1981;X-9983;23;6;20;21.6;1.4;29;627
1.03.1981;X-4190;34;19;350;27.5;6.5;30;826.2
1.03.1981;X-2392;20;2;15;19.6;0.4;27;529.2
1.03.1981;X-7111;34;2;60;33.3;0.7;30;999.6
1.03.1981;X-7229;14;8;340;12.9;1.1;0;0
1.03.1981;X-1987;34;1;10;33.7;0.3;30;1009.8
1.03.1981;X-3795;106;99;50;1.1;104.9;0;0
1.03.1981;X-7720;13;43;110;7.4;5.6;0;0
1.03.1981;X-2426;85;95;120;4.3;80.8;0;0
1.03.1981;X-7839;48;98;50;1;47;0;0
1.03.1981;X-5518;56;88;100;6.7;49.3;27;181.4
1.03.1981;X-8545;49;92;30;3.9;45.1;30;117.6
1.03.1981;X-4032;21;90;40;2.1;18.9;0;0
1.03.1981;X-9386;30;2;80;29.4;0.6;30;882
1.03.1981;X-4896;17;6;190;16;1;29;463.4
1.03.1981;X-9029;11;3;40;10.7;0.3;30;320.1
1.03.1981;X-3003;120;98;150;2.4;117.6;0;0
1.03.1981;X-1878;33;96;70;1.3;31.7;17;22.4
1.03.1981;X-3983;22;96;30;0.9;21.1;0;0
1.03.1981;X-2826;45;13;200;39.2;5.9;27;1057.1
1.03.1981;X-7146;23;63;50;8.5;14.5;0;0
1.03.1981;X-4121;15;14;190;12.9;2.1;30;387
1.03.1981;X-9030;34;94;90;2;32;0;0
1.03.1981;X-1056;12;3;80;11.6;0.4;30;349.2
1.03.1981;X-2844;19;23;140;14.6;4.4;30;438.9
1.03.1981;X-9516;83;97;60;2.5;80.5;0;0
1.03.1981;X-1862;114;94;120;6.8;107.2;0;0
1.03.1981;X-1683;10;9;40;9.1;0.9;29;263.9
1.03.1981;X-9009;10;32;40;6.8;3.2;0;0
1.03.1981;X-2502;36;35;85;23.4;12.6;30;702
1.03.1981;X-8290;28;17;90;23.2;4.8;28;650.7
1.03.1981;X-1188;22;29;40;15.6;6.4;20;312.4
1.03.1981;X-8000;11;19;30;8.9;2.1;0;0
1.03.1981;X-6999;16;15;40;13.6;2.4;14;190.4
1.03.1981;X-4344;27;16;210;22.7;4.3;21.4;485.4
1.03.1981;X-727;10;23;40;7.7;2.3;0;0
1.03.1981;X-968;51;1;140;50.5;0.5;30;1514.7
1.03.1981;X-5117;37;2;60;36.3;0.7;30;1087.8
1.03.1981;X-9370;33;14;250;28.4;4.6;30;851.4
1.03.1981;X-391;34;3;60;33;1;30;989.4
1.03.1981;X-2351;10;1;340;9.9;0.1;0;0
1.03.1981;X-1419;81;93;50;5.7;75.3;0.6;3.4
1.03.1981;X-3254;9;17;50;7.5;1.5;22;164.3
1.03.1981;X-3978;12;95;40;0.6;11.4;0;0
1.03.1981;X-6933;20;3;50;19.4;0.6;30;582
1.03.1981;X-7930;21;12;50;18.5;2.5;28;517.4
1.03.1981;X-7860;27;3;40;26.2;0.8;30;785.7
1.03.1981;X-6459;9;16;50;7.6;1.4;30;226.8
1.03.1981;X-3934;25;95;60;1.3;23.8;0;0
1.03.1981;X-8073;22;29;240;15.6;6.4;12;187.4
1.03.1981;X-6649;19;36;20;12.2;6.8;1.3;16.2
1.03.1981;X-6732;45;19;50;36.5;8.6;30;1093.5
1.03.1981;X-8284;16;6;20;15;1;29;436.2
1.03.1981;X-3318;65;93;40;4.6;60.5;2;9.1
1.03.1981;X-10272;17;6;100;16;1;30;479.4
1.03.1981;X-6212;117;92;210;9.4;107.6;0;0
1.03.1981;X-2825;121;94;40;7.3;113.7;0;0
1.03.1981;X-3679;54;97;20;1.6;52.4;0;0
1.03.1981;X-3884;23;1;50;22.8;0.2;29;660.3
1.03.1981;X-10382;19;2;40;18.6;0.4;30;558.6
1.03.1981;X-4122;33;12;30;29;4;30;871.2
1.03.1981;X-483;15;10;140;13.5;1.5;16;216
1.03.1981;X-7879;7;1;10;6.9;0.1;30;207.9
1.03.1981;X-4602;13;3;10;12.6;0.4;0;0
1.03.1981;X-6755;40;2;20;39.2;0.8;30;1176
1.03.1981;X-3962;32;1;80;31.7;0.3;0;0
1.03.1981;X-528;34;95;50;1.7;32.3;0;0
1.03.1981;X-6464;50;88;20;6;44;0;0
1.03.1981;X-9802;18;2;180;17.6;0.4;30;529.2
1.03.1981;X-5256;37;59;50;15.2;21.8;28;424.8
1.03.1981;X-2692;13;54;80;6;7;15;89.7
1.03.1981;X-3202;32;24;170;24.3;7.7;28;681
1.03.1981;X-1491;25;9;20;22.8;2.3;28;637
1.03.1981;X-8488;24;3;170;23.3;0.7;17;395.8
1.03.1981;X-8831;19;23;30;14.6;4.4;30;438.9
1.03.1981;X-9505;40;85;70;6;34;0;0
1.03.1981;X-5308;41;89;100;4.5;36.5;2;9
1.03.1981;X-9142;14;2;45;13.7;0.3;30;411.6
1.03.1981;X-6713;18;2;40;17.6;0.4;23;405.7
1.03.1981;X-2255;15;1;30;14.9;0.2;30;445.5
1.03.1981;X-7398;20;8;100;18.4;1.6;26;478.4
1.03.1981;X-7103;24;9;370;21.8;2.2;27;589.7
1.03.1981;X-4560;33;16;160;27.7;5.3;14;388.1
1.03.1981;X-3980;13;48;10;6.8;6.2;28;189.3
1.03.1981;X-696;28;35;70;18.2;9.8;30;546
1.03.1981;X-5227;15;12;10;13.2;1.8;29;382.8
1.03.1981;X-3204;34;12;50;29.9;4.1;28;837.8
1.03.1981;X-4755;29;20;240;23.2;5.8;16;371.2
1.03.1981;X-1665;35;3;550;34;1.1;2;67.9
1.03.1981;X-9149;55;12;130;48.4;6.6;27;1306.8
1.03.1981;X-9977;25;13;60;21.8;3.3;30;652.5
1.03.1981;X-1136;81;24;350;61.6;19.4;28;1723.7
1.03.1981;X-5109;135;76;;32.4;102.6;15;486
1.03.1981;X A-4494;50;99;20;0.5;49.5;0;0
1.02.1981;X-955;20;2;40;19.6;0.4;26.8;525.7
1.02.1981;X-4308;119;98;30;2.4;116.6;0;0
1.02.1981;X-7454;38;3;50;36.9;1.1;26.6;981.2
1.02.1981;X-8919;23;20;120;18.4;4.6;29.3;539.7
1.02.1981;X-7070;12;22;30;9.4;2.6;29.3;274.5
1.02.1981;X-1993;50;69;140;15.5;34.5;30.6;473.8
1.02.1981;X-9412;96;96;240;3.8;92.2;0;0
1.02.1981;X-790;19;2;30;18.6;0.4;31;576.5
1.02.1981;X-263;60;84;20;9.6;50.4;31;297.6
1.02.1981;X-10971;89;91;200;8;81;0;0
1.02.1981;X-3527;32;10;140;28.8;3.2;31;892.2
1.02.1981;X-3824;16;62;50;6.1;9.9;31;188.4
1.02.1981;X-8003;25;5;100;23.8;1.3;31;735.8
1.02.1981;X-2684;22;90;170;2.2;19.8;0;0
1.02.1981;X-10130;54;85;10;8.1;45.9;13;105.1
1.02.1981;X-4196;41;64;150;14.8;26.2;25;369
1.02.1981;X-8272;73;83;260;12.4;60.6;0;0
1.02.1981;X-1898;33;16;250;27.7;5.3;26;720.7
1.02.1981;X-4065;36;12;900;31.7;4.3;31;982.1
1.02.1981;X-3467;100;93;310;7;93;0;0
1.02.1981;X-8029;105;96;10;4.2;100.8;0;0
1.02.1981;X-7894;10;11;240;8.9;1.1;15.6;138.8
1.02.1981;X-6112;12;13;40;10.4;1.6;29;302.6
1.02.1981;X-2519;14;18;25;11.5;2.5;29.3;336.7
1.02.1981;X-8556;36;78;20;7.9;28.1;29.3;232.3
1.02.1981;X-4456;30;4;210;28.8;1.2;30.6;880.4
1.02.1981;X-9005;14;15;60;11.9;2.1;31;368.9
1.02.1981;X-8665;21;2;210;20.6;0.4;31;638
1.02.1981;X-3394;32;5;50;30.4;1.6;27;820.2
1.02.1981;X-29;19;2;200;18.6;0.4;31;576.5
1.02.1981;X-10440;54;90;150;5.4;48.6;0;0
1.02.1981;X-9344;64;94;30;3.8;60.2;0;0
1.02.1981;X-9329;45;88;400;5.4;39.6;0;0
1.02.1981;X-7249;57;93;10;4;53;0;0
1.02.1981;X-3525;40;98;30;0.8;39.2;0;0
1.02.1981;X-3835;31;6;90;29.1;1.9;31;903.3
1.02.1981;X-3572;16;16;60;13.4;2.6;5.6;75.3
1.02.1981;X-1111;47;11;;41.8;5.2;25;1045.8
1.02.1981;X-9958;29;47;110;15.4;13.6;25.3;389.3
1.02.1981;X-5995;34;18;30;27.9;6.1;31;863.7
1.02.1981;X-1872;110;97;70;3.3;106.7;0;0
1.02.1981;X-6772;21;16;170;17.6;3.4;12.3;217.3
1.02.1981;X-5789;120;95;90;6;114;0;0
1.02.1981;X-6623;25;12;110;22;3;29;638
1.02.1981;X-10939;63;92;40;5;58;0;0
1.02.1981;X-4338;7;71;20;2;5;0;0
1.02.1981;X-1643;29;92;80;2.3;26.7;0;0
1.02.1981;X-332;50;99;50;0.5;49.5;0;0
1.02.1981;X-4733;16;21;130;12.6;3.4;27.3;344.9
1.02.1981;X-4739;22;8;20;20.2;1.8;30.3;613.1
1.02.1981;X-8160;40;90;70;4;36;0;0
1.02.1981;X-9312;12;11;170;10.7;1.3;25.3;270.1
1.02.1981;X-5076;33;9;150;30;3;20.3;610.5
1.02.1981;X-4328;65;18;250;53.3;11.7;31;1651.2
1.02.1981;X-6826;12;94;30;0.7;11.3;0;0
1.02.1981;X-469;21;3;120;20.4;0.6;24.7;502.5
1.02.1981;X-4869;31;100;70;0;31;0;0
1.02.1981;X-307;23;6;100;21.6;1.4;31;670.2
1.02.1981;X-9617;16;2;60;15.7;0.3;31;485.8
1.02.1981;X-3819;30;64;70;10.8;19.2;28.3;305.9
1.02.1981;X-9242;20;66;30;6.8;13.2;0;0
1.02.1981;X-4604;30;87;60;3.9;26.1;0;0
1.02.1981;X-898;50;92;60;4;46;0;0
1.02.1981;X-3979;53;86;120;7.4;45.6;0;0
1.02.1981;X-7292;35;97;20;1.1;34;0;0
1.02.1981;X-4099;23;96;320;0.9;22.1;0;0
1.02.1981;X-128;23;20;180;18.4;4.6;2.3;42.9
1.02.1981;X-7587;22;91;40;2;20;0;0
1.02.1981;X-5751;67;91;30;6;61;30.7;184.9
1.02.1981;X-7725;20;50;20;10;10;0;0
1.02.1981;X-1222;21;90;10;2.1;18.9;0;0
1.02.1981;X-3416;35;98;70;0.7;34.3;0;0
1.02.1981;X-8647;33;99;200;0.3;32.7;0;0
1.02.1981;X-3431;77;99;250;0.8;76.2;0;0
1.02.1981;X-9749;23;8;35;21.2;1.8;28.3;599.5
1.02.1981;X-5069;32;15;80;27.2;4.8;31;843.2
1.02.1981;X-2186;53;99;90;0.5;52.5;0;0
1.02.1981;X-4537;50;99;30;0.5;49.5;0;0
1.02.1981;X-8280;12;46;120;6.5;5.5;31;200.6
1.02.1981;X-5249;56;18;60;45.9;10.1;31;1423.5
1.02.1981;X-5857;29;26;200;21.5;7.5;0;0
1.02.1981;X-620;29;6;20;27.3;1.7;0;0
1.02.1981;X-1802;74;29;70;52.5;21.5;31;1628.7
1.02.1981;X-8326;12;10;120;10.8;1.2;30.6;330.3
1.02.1981;X-5059;13;91;310;1.2;11.8;0;0
1.02.1981;X-6641;21;87;70;2.7;18.3;0;0
1.02.1981;X-7474;14;2;20;13.7;0.3;31;425
1.02.1981;X-4872;29;2;40;28.4;0.6;31;880.5
1.02.1981;X-5239;8;14;220;6.9;1.1;27;185.8
1.02.1981;X-4581;30;58;55;12.6;17.4;0;0
1.02.1981;X-7399;14;48;20;7.3;6.7;0;0
1.02.1981;X-5708;21;54;40;9.7;11.3;0.3;3.2
1.02.1981;X-6879;89;98;260;1.8;87.2;0;0
1.02.1981;X-9655;28;98;30;0.6;27.4;0;0
1.02.1981;X-3292;48;98;30;1;47;0;0
1.02.1981;X-6499;50;75;110;12.5;37.5;24.7;308.4
1.02.1981;X-9007;12;5;60;11.4;0.6;0;0
1.02.1981;X-3757;21;29;70;14.9;6.1;24.7;367.8
1.02.1981;X-7837;17;65;40;6;11.1;13.6;80.8
1.02.1981;X-97;18;10;45;16.2;1.8;31;501.6
1.02.1981;X-4932;28;98;20;0.6;27.4;0;0
1.02.1981;X-595;27;46;150;14.6;12.4;31;452
1.02.1981;X-3731;117;98;90;2.3;114.7;0;0
1.02.1981;X-286;19;74;10;4.9;14.1;0;0
1.02.1981;X-7468;92;95;20;4.6;87.4;0;0
1.02.1981;X-3873;36;97;20;1.1;34.9;0;0
1.02.1981;X-6178;91;95;10;4.6;86.5;0;0
1.02.1981;X-7140;98;74;100;25.5;72.5;23.3;594.4
1.02.1981;X-6420;99;96;20;4;95;0;0
1.02.1981;X-10467;24;2;60;23.5;0.5;30.7;721.4
1.02.1981;X-1971;25;14;120;21.5;3.5;31;666.5
1.02.1981;X-8217;11;12;100;9.7;1.3;27.3;264.5
1.02.1981;X-5842;10;10;620;9;1;19.7;177
1.02.1981;X-1924;75;98;70;1.5;73.5;0;0
1.02.1981;X-4873;70;98;150;1.4;68.6;0;0
1.02.1981;X-3848;32;29;220;22.7;9.3;19.3;439.2
1.02.1981;X-252;53;20;20;42.4;10.6;31;1314.4
1.02.1981;X-8560;30;76;10;7.2;22.8;0;0
1.02.1981;X-7619;23;18;100;18.9;4.1;25.7;483.8
1.02.1981;X-4480;38;3;100;36.9;1.1;20.6;758.2
1.02.1981;X-3716;19;8;280;17.5;1.5;31;541.5
1.02.1981;X-5065;31;91;20;2.8;28.2;0;0
1.02.1981;X-7046;11;3;50;10.7;0.3;12;128
1.02.1981;X-9940;12;16;40;10.1;1.9;31;312.5
1.02.1981;X-8112;10;38;40;6.2;3.8;0;0
1.02.1981;X-4715;29;70;40;8.7;20.3;21;182.7
1.02.1981;X-4147;22;3;320;21.3;0.7;31;660.7
1.02.1981;X-2212;29;8;60;26.7;2.3;26.3;702.2
1.02.1981;X-4241;17;7;40;15.8;1.2;29.3;463.5
1.02.1981;X-1751;32;86;30;4.5;27.5;0;0
1.02.1981;X-10537;18;8;240;16.6;1.4;31;513
1.02.1981;X-8985;28;88;20;3.4;24.6;0;0
1.02.1981;X-5364;31;78;60;6.8;24.2;0;0
1.02.1981;X-2601;25;41;20;14.8;10.3;29.3;432.5
1.02.1981;X-7534;17;66;10;5.8;11.2;0;0
1.02.1981;X-2565;60;98;80;1.2;58.8;0;0
1.02.1981;X-10877;20;66;40;6.8;13.2;0;0
1.02.1981;X-6421;52;99;30;0.5;51.5;0;0
1.02.1981;X-4424;45;82;120;8.1;36.9;0;0
1.02.1981;X-7263;50;3;160;48.5;1.5;31;1501.6
1.02.1981;X-787;37;7;280;34.4;2.6;27.3;940.1
1.02.1981;X-3896;35;2;;34.3;0.7;31;1061.9
1.02.1981;X-4693;89;99;110;0.9;88.1;0;0
1.02.1981;X-715;50;100;30;0;50;0;0
1.02.1981;X-581;21;96;20;0.8;20.2;18.3;15.4
1.02.1981;X-3862;16;13;210;13.9;2.1;31;431.2
1.02.1981;X-7221;17;33;130;11.4;5.6;31;353.1
1.02.1981;X-5628;19;90;40;1.9;17.1;0;0
1.02.1981;X-2649;13;61;20;5.1;7.9;25.3;128.4
1.02.1981;X-2319;23;99;100;0.2;22.8;0;0
1.02.1981;X-3500;26;100;240;0;26;0;0
1.02.1981;X-5545;22;66;70;7.5;14.5;31;231.9
1.02.1981;X-7983;78;50;60;39;39;31;1208.2
1.02.1981;X-2653;59;91;30;5.3;53.7;0;0
1.02.1981;X-3811;31;40;30;18.6;12.4;30.3;563.4
1.02.1981;X-10937;20;13;20;17.4;2.6;31;539.4
1.02.1981;X-7127;18;3;40;17.5;0.5;23;401.2
1.02.1981;X-8237;79;94;100;4.7;74.3;0;0
1.02.1981;X-10953;43;20;130;34.4;8.6;29;997.6
1.02.1981;X-396;18;2;250;17.6;0.4;31;546.5
1.02.1981;X-520;15;5;220;14.3;0.8;31;441.8
1.02.1981;X-6133;40;35;40;26;14;31;805
1.02.1981;X-8421;19;20;70;15.2;3.8;31;470.9
1.02.1981;X-7129;23;50;50;11.5;11.5;30.5;351.2
1.02.1981;X-9983;22;5;10;20.9;1.1;31;647.1
1.02.1981;X-4190;48;15;140;40.8;7.2;31;1264.8
1.02.1981;X-2392;20;2;15;19.6;0.4;31;607.2
1.02.1981;X-7111;35;2;60;34.3;0.7;31;1063.3
1.02.1981;X-7229;14;8;340;12.9;1.1;23.6;304
1.02.1981;X-1987;34;1;10;33.7;0.3;31;1042.8
1.02.1981;X-3795;106;99;50;1.1;104.9;0;0
1.02.1981;X-7720;13;43;110;7.4;5.6;16.7;123.4
1.02.1981;X-2426;85;95;120;4.3;80.8;0;0
1.02.1981;X-7839;48;98;50;1;47;0;0
1.02.1981;X-5518;56;88;100;6.7;49.3;23.3;156.2
1.02.1981;X-8545;49;76;30;11.8;37.2;31;364.6
1.02.1981;X-4032;21;90;40;2.1;18.9;0;0
1.02.1981;X-9386;27;1;80;26.7;0.3;31;828.6
1.02.1981;X-4896;30;10;80;27;3;24.3;656.9
1.02.1981;X-9029;11;3;40;10.7;0.3;31;330.6
1.02.1981;X-3003;120;98;150;2.4;117.6;0;0
1.02.1981;X-1878;34;95;70;1.7;32.3;31;52.6
1.02.1981;X-3983;22;96;30;0.9;21.1;0;0
1.02.1981;X-2826;47;30;370;32.9;14.1;28.3;932.1
1.02.1981;X-7146;23;91;50;2.1;20.9;16;33.1
1.02.1981;X-4121;14;27;140;10.2;3.8;27.3;278.9
1.02.1981;X-9030;34;94;90;2;32;0;0
1.02.1981;X-1056;12;3;80;11.6;0.4;31;360.6
1.02.1981;X-2844;31;23;45;23.9;7.1;31;739
1.02.1981;X-9516;83;97;60;2.5;80.5;0;0
1.02.1981;X-1862;114;94;120;6.8;107.2;0;0
1.02.1981;X-1683;10;9;40;9.1;0.9;28.3;257.8
1.02.1981;X-9009;10;32;40;6.8;3.2;0;0
1.02.1981;X-2502;36;35;85;23.4;12.6;29.3;686.3
1.02.1981;X-8290;28;17;90;23.2;4.8;12.3;286.5
1.02.1981;X-1188;10;3;70;9.7;0.3;31;300.3
1.02.1981;X-8000;11;19;30;8.9;2.1;0;0
1.02.1981;X-6999;16;15;40;13.6;2.4;0;0
1.02.1981;X-4344;27;16;210;22.7;4.3;27.9;633.2
1.02.1981;X-727;10;23;40;7.7;2.3;0;0
1.02.1981;X-968;51;1;140;50.5;0.5;29.3;1480.9
1.02.1981;X-5117;46;2;60;45.1;0.9;31;1397.5
1.02.1981;X-9370;38;19;250;30.8;7.2;29.3;902.8
1.02.1981;X-391;34;3;60;33;1;30.6;1008.2
1.02.1981;X-2351;10;1;340;9.9;0.1;0;0
1.02.1981;X-1419;81;98;50;1.6;79.4;21;34
1.02.1981;X-3254;9;57;50;3.9;5.1;23;88.9
1.02.1981;X-3978;12;95;40;0.6;11.4;0;0
1.02.1981;X-6933;35;4;60;33.6;1.4;31;1040.9
1.02.1981;X-7930;21;12;50;18.5;2.5;31;572.5
1.02.1981;X-7860;20;3;40;19.4;0.6;31;600.6
1.02.1981;X-6459;10;18;20;8.2;1.8;2.3;19.1
1.02.1981;X-3934;25;95;60;1.3;23.8;0;0
1.02.1981;X-8073;23;17;240;19.1;3.9;2.7;51
1.02.1981;X-6649;19;36;20;12.2;6.8;0.6;7.3
1.02.1981;X-6732;31;11;50;27.6;3.4;30.6;843.7
1.02.1981;X-8284;14;3;280;13.6;0.4;31;421
1.02.1981;X-3318;65;95;40;3.3;61.8;16.3;53.1
1.02.1981;X-10272;17;6;100;16;1;31;495.1
1.02.1981;X-6212;117;92;210;9.4;107.6;0;0
1.02.1981;X-2825;121;94;40;7.3;113.7;0;0
1.02.1981;X-3679;54;97;20;1.6;52.4;0;0
1.02.1981;X-3884;15;2;45;14.7;0.3;31;455.4
1.02.1981;X-10382;31;1;40;30.7;0.3;29.3;899.8
1.02.1981;X-4122;34;5;30;32.3;1.7;31;1000.7
1.02.1981;X-483;30;15;130;25.5;4.5;16.7;425.1
1.02.1981;X-7879;15;1;10;14.9;0.2;31;460.1
1.02.1981;X-4602;13;3;10;12.6;0.4;0;0
1.02.1981;X-6755;46;1;20;45.5;0.5;22.9;1043.8
1.02.1981;X-3962;32;1;80;31.7;0.3;24;760.3
1.02.1981;X-528;34;95;50;1.7;32.3;0;0
1.02.1981;X-6464;50;88;20;6;44;0;0
1.02.1981;X-9802;12;1;180;11.9;0.1;31;367.8
1.02.1981;X-5256;37;59;50;15.2;21.8;29.3;444.3
1.02.1981;X-2692;13;54;80;6;7;26.2;156.9
1.02.1981;X-3202;24;2;80;23.5;0.5;31;728.6
1.02.1981;X-1491;25;9;20;22.8;2.3;29.3;667.3
1.02.1981;X-8488;24;3;170;23.3;0.7;31;720.7
1.02.1981;X-8831;19;23;30;14.6;4.4;31;453.2
1.02.1981;X-9505;40;85;70;6;34;0;0
1.02.1981;X-5308;41;89;100;4.5;36.5;0;0
1.02.1981;X-9142;14;2;45;13.7;0.3;31;424.8
1.02.1981;X-6713;18;2;40;17.6;0.4;31;546.5
1.02.1981;X-2255;15;1;30;14.9;0.2;31;460.1
1.02.1981;X-7398;20;8;100;18.4;1.6;25.7;472
1.02.1981;X-7103;24;9;370;21.8;2.2;24.7;538.4
1.02.1981;X-4560;33;16;160;27.7;5.3;31;859.3
1.02.1981;X-3980;13;48;10;6.8;6.2;13.3;90.1
1.02.1981;X-696;28;45;70;15.4;12.6;31;477.1
1.02.1981;X-5227;9;23;10;6.9;2.1;31;214.7
1.02.1981;X-3204;104;12;510;91.5;12.5;30.2;2761.2
1.02.1981;X-4755;29;20;240;23.2;5.8;2.3;54.1
1.02.1981;X-1665;35;3;550;34;1.1;31;1052.5
1.02.1981;X-9149;55;12;130;48.4;6.6;27.7;1339.2
1.02.1981;X-9977;16;10;60;14.4;1.6;24;345.6
1.02.1981;X-1136;144;21;100;113.8;30.2;24.3;2767.8
1.02.1981;X A-4494;50;99;20;0.5;49.5;0;0
1.01.1981;X-955;37;1.6;160;36.4;0.6;24;873.6
1.01.1981;X-7454;38;2.5;50;37.1;0.9;22.6;836.2
1.01.1981;X-8919;29;22;120;22.6;6.4;30;678.6
1.01.1981;X-7070;8;19.2;30;6.5;1.5;27.3;176.7
1.01.1981;X-1993;65;63.6;40;23.6;41.4;30;709.1
1.01.1981;X-790;19;2.9;30;18.5;0.5;30;553.3
1.01.1981;X-263;60;88.5;20;6.9;53.1;30;207.6
1.01.1981;X-3527;28;6.2;15;26.3;1.7;28.3;743.8
1.01.1981;X-3824;16;76;50;3.8;12.2;22;84.5
1.01.1981;X-8003;25;4.3;100;23.9;1.1;30;717.5
1.01.1981;X-4196;53;55.5;150;23.6;29.4;30;707.6
1.01.1981;X-8272;73;96.3;260;2.7;70.3;7;19.2
1.01.1981;X-1898;33;14.5;250;28.2;4.8;30;846.5
1.01.1981;X-4065;31;9.6;900;28;3;30;840.3
1.01.1981;X-8029;105;98;10;2.1;102.9;7;14.7
1.01.1981;X-7894;10;11.9;460;8.8;1.2;12.7;111.7
1.01.1981;X-6112;12;12.5;40;10.5;1.5;30;315
1.01.1981;X-2519;22;15.3;15;18.6;3.4;29.6;551
1.01.1981;X-8556;36;68.6;20;11.3;24.7;30;339.1
1.01.1981;X-4456;33;3.5;730;31.8;1.2;17.3;551.7
1.01.1981;X-9005;27;15;60;23;4.1;30;688.5
1.01.1981;X-8665;21;2.3;210;20.5;0.5;24.3;499.3
1.01.1981;X-3394;23;5.3;50;21.8;1.2;30;653.6
1.01.1981;X-29;19;2;200;18.6;0.4;30;558.2
1.01.1981;X-3835;31;5.4;90;29.3;1.7;30;879.8
1.01.1981;X-3572;16;15.4;60;13.5;2.5;17;230.1
1.01.1981;X-1111;47;13.2;;40.8;6.2;25.3;1033
1.01.1981;X-9958;42;52.2;100;20.1;21.9;30;602.3
1.01.1981;X-5995;31;17.8;110;25.5;5.5;28;713.7
1.01.1981;X-6772;21;16;170;17.6;3.4;21.3;376.3
1.01.1981;X-6623;40;12;20;35.2;4.8;30;1056
1.01.1981;X-4733;11;21;100;8.7;2.3;27;234.5
1.01.1981;X-4739;46;18.8;60;37.4;8.6;28.3;1057.4
1.01.1981;X-9312;21;12;250;18.5;2.5;30;554
1.01.1981;X-5076;39;11.2;140;34.6;4.4;30;1039
1.01.1981;X-4328;68;16.5;60;56.8;11.2;30;1703.4
1.01.1981;X-469;31;3;120;30.1;0.9;23;691.6
1.01.1981;X-307;23;5.3;100;21.8;1.2;28;610.2
1.01.1981;X-9617;16;1.8;60;15.7;0.3;30;471.6
1.01.1981;X-3819;27;35;80;17.6;9.5;30;526.5
1.01.1981;X-9242;20;86.6;30;2.7;17.3;2.7;7.2
1.01.1981;X-128;23;19.5;180;18.5;4.5;30;555.5
1.01.1981;X-5751;43;85;40;6.5;36.6;15;96.8
1.01.1981;X-9749;23;8.3;;21.1;1.9;30;633.1
1.01.1981;X-5069;38;8.5;180;34.8;3.2;30;1043.1
1.01.1981;X-8280;22;41.8;40;12.8;9.2;30;384.2
1.01.1981;X-5249;40;14.6;10;34.2;5.8;30;1025.1
1.01.1981;X-1802;62;19.8;70;49.7;12.3;28;1392.7
1.01.1981;X-8326;11;9;190;10;1;30;300.3
1.01.1981;X-7474;14;13;20;12.2;1.8;30;365.4
1.01.1981;X-4872;33;2.5;10;32.2;0.8;29.6;952.1
1.01.1981;X-5239;8;18;220;6.6;1.4;22.6;148.1
1.01.1981;X-5708;21;68.8;40;6.6;14.4;11;72.2
1.01.1981;X-6499;50;80;110;10;40;27.3;273.3
1.01.1981;X-3757;21;29;70;14.9;6.1;13.3;198.8
1.01.1981;X-7837;35;50.3;50;17.4;17.6;22;382.8
1.01.1981;X-97;19;8.5;45;17.4;1.6;30;521.2
1.01.1981;X-595;18;55.3;40;8;10;30;241.2
1.01.1981;X-7140;105;74.3;20;27;78.1;30;808.5
1.01.1981;X-10467;15;2.4;60;14.6;0.4;28.3;414.8
1.01.1981;X-1971;24;17.3;120;19.8;4.2;30;595.2
1.01.1981;X-8217;17;32;100;11.6;5.4;24.7;285.2
1.01.1981;X-3848;29;26;220;21.5;7.5;30;643.8
1.01.1981;X-252;53;18.5;20;43.2;9.8;30;1295.9
1.01.1981;X-7619;39;17.4;100;32.2;6.8;30;966.4
1.01.1981;X-4480;38;3.5;100;36.7;1.3;26.3;965.9
1.01.1981;X-3716;28;7.2;10;26;2;30;779.2
1.01.1981;X-7046;11;43;50;6.3;4.7;30;188
1.01.1981;X-9940;18;31.7;40;12.3;5.7;23.3;287
1.01.1981;X-8112;10;98.7;40;0.1;9.9;7;0.9
1.01.1981;X-4715;29;55;40;13.1;16;19;248
1.01.1981;X-4147;22;12.5;320;19.3;2.8;30;577.1
1.01.1981;X-2212;40;11;60;35.6;4.4;28;996.8
1.01.1981;X-4241;17;6.8;40;15.9;1.1;30;475.6
1.01.1981;X-10537;18;6.7;240;16.8;1.2;30;504.1
1.01.1981;X-2601;25;46.5;20;13.4;11.6;30;401.3
1.01.1981;X-7263;50;2.4;160;48.8;1.2;30;1463.8
1.01.1981;X-787;43;6;280;40.4;2.6;29;1172.2
1.01.1981;X-3896;35;2.5;;34.1;0.9;30;1023.6
1.01.1981;X-581;21;90.6;20;2;19;30;59.5
1.01.1981;X-3862;11;8;210;10.1;0.9;30;303.6
1.01.1981;X-7221;17;28;130;12.2;4.8;30;367.2
1.01.1981;X-2649;24;61;20;9.4;14.6;19.3;180.9
1.01.1981;X-5545;18;81.9;70;3.3;14.7;30;97.8
1.01.1981;X-7983;56;45.1;70;30.7;25.3;30;921.6
1.01.1981;X-3811;31;31.3;30;21.3;9.7;30;638.2
1.01.1981;X-10937;16;11.4;60;14.2;1.8;21.3;302.3
1.01.1981;X-7127;18;3.6;40;17.4;0.6;22.7;393.6
1.01.1981;X-10953;33;24.4;270;24.9;8.1;23.3;582
1.01.1981;X-396;18;2.7;250;17.5;0.5;30;525.7
1.01.1981;X-520;15;4.9;220;14.3;0.7;29;413.7
1.01.1981;X-6133;36;49.5;45;18.2;17.8;30;545.3
1.01.1981;X-8421;27;9.7;130;24.4;2.6;18;438.9
1.01.1981;X-7129;18;86;70;2.5;15.5;30;75.5
1.01.1981;X-9983;22;3.5;10;21.2;0.8;30;636.5
1.01.1981;X-4190;48;11.3;140;42.6;5.4;30;1278
1.01.1981;X-2392;20;1.5;15;19.7;0.3;30;590.8
1.01.1981;X-7111;35;1.9;60;34.3;0.7;30;1030.4
1.01.1981;X-7229;14;13.5;340;12.1;1.9;26.9;326
1.01.1981;X-1987;32;1.4;5;31.6;0.4;30;946.6
1.01.1981;X-7720;13;40.7;110;7.7;5.3;30;231.4
1.01.1981;X-5518;47;88.7;100;5.3;41.7;13;69.2
1.01.1981;X-8545;49;91.5;30;4.2;44.8;30;125
1.01.1981;X-9386;27;0.6;80;26.8;0.2;30;805.1
1.01.1981;X-4896;30;9.8;80;27.1;2.9;28;757.7
1.01.1981;X-9029;16;3.3;10;15.5;0.5;30;464.3
1.01.1981;X-1878;41;71;40;11.9;29.1;30;356.5
1.01.1981;X-2826;47;25;370;35.3;11.8;13;458.3
1.01.1981;X-7146;28;67.5;45;9.1;18.9;7;63.5
1.01.1981;X-4121;24;43.2;140;13.6;10.4;30;408.7
1.01.1981;X-1056;12;9.9;80;10.8;1.2;28.3;306.4
1.01.1981;X-2844;31;22.7;45;24;7;30;718.7
1.01.1981;X-1683;10;8.8;40;9.1;0.9;30;273.8
1.01.1981;X-2502;41;55.2;80;18.4;22.6;30;551
1.01.1981;X-8290;33;16.7;100;27.5;5.5;30;824.5
1.01.1981;X-1188;21;10;70;18.9;2.1;25;472.1
1.01.1981;X-6999;16;17.3;40;13.2;2.8;14.7;194.1
1.01.1981;X-4344;27;17;210;22.4;4.6;28;627.5
1.01.1981;X-968;51;2.3;140;49.8;1.2;27;1344.9
1.01.1981;X-5117;46;1.9;60;45.1;0.9;30;1353.8
1.01.1981;X-9370;33;18.7;250;26.8;6.2;30;805.2
1.01.1981;X-391;24;2.4;70;23.4;0.6;24.3;569.7
1.01.1981;X-3254;17;15.5;50;14.4;2.6;28.3;407
1.01.1981;X-6933;35;3.4;60;33.8;1.2;30;1014.3
1.01.1981;X-7930;31;6.2;20;29.1;1.9;28;814.6
1.01.1981;X-7860;35;2.8;10;34;1;30;1020.4
1.01.1981;X-6459;10;19;20;8.1;1.9;18.3;148.5
1.01.1981;X-3934;25;96;60;1;24;4;4
1.01.1981;X-8073;23;23;240;17.7;5.3;22.3;395.5
1.01.1981;X-6649;19;71.9;20;5.3;13.7;23.3;124.4
1.01.1981;X-6732;31;13;50;27;4;30;809.1
1.01.1981;X-8284;14;3;280;13.6;0.4;30;407.4
1.01.1981;X-3318;65;90;40;6.5;58.5;30;195
1.01.1981;X-10272;24;5.9;100;22.6;1.4;27;609.6
1.01.1981;X-3884;15;1.6;45;14.8;0.2;30;443
1.01.1981;X-10382;34;1.9;20;33.3;0.7;30;1000.2
1.01.1981;X-4122;25;5.6;30;23.6;1.4;30;708
1.01.1981;X-483;34;19;130;27.5;6.5;26.3;725.1
1.01.1981;X-7879;32;0.7;50;31.8;0.2;30;953.1
1.01.1981;X-4602;13;3.1;10;12.6;0.4;26.6;335.5
1.01.1981;X-6755;46;1.2;15;45.5;0.5;30;1364.1
1.01.1981;X-3962;24;4.3;80;23;1;18;413.5
1.01.1981;X-9802;17;1.4;60;16.8;0.2;30;502.5
1.01.1981;X-5256;38;65.2;40;13.2;24.8;28;370
1.01.1981;X-2692;13;52;80;6.2;6.8;25;156
1.01.1981;X-3202;24;13;80;20.9;3.1;30;626.8
1.01.1981;X-1491;32;14;20;27.5;4.5;30;825.6
1.01.1981;X-8488;24;3.6;170;23.1;0.9;30;693.6
1.01.1981;X-8831;20;30.6;60;13.9;6.1;30;416.4
1.01.1981;X-9142;14;5.1;45;13.3;0.7;30;398.5
1.01.1981;X-6713;18;1.7;40;17.7;0.3;28;495.3
1.01.1981;X-2255;15;1.8;30;14.7;0.3;28;412.7
1.01.1981;X-7398;20;37;100;12.6;7.4;28.3;357
1.01.1981;X-7103;24;18.7;370;19.5;4.5;29;566.1
1.01.1981;X-4560;31;18.4;90;25.3;5.7;30;759.2
1.01.1981;X-3980;13;26.7;10;9.5;3.5;12.7;120.8
1.01.1981;X-696;11;34.5;90;7.2;3.8;15;108.1
1.01.1981;X-5227;9;16;10;7.6;1.4;26;196.6
1.01.1981;X-3204;104;11.5;510;92;12;30;2761.2
1.01.1981;X-4755;29;13.3;240;25.1;3.9;14.3;360.2
1.01.1981;X-1665;25;3.3;550;24.2;0.8;30;725.5
1.01.1981;X-9149;56;14.3;240;48;8;28.3;1359.1
1.01.1981;X-9977;16;11.6;60;14.1;1.9;30;424.1
1.01.1981;X-1136;146;24.4;50;110.4;35.6;5;551.9
